transaction_id,product_id,customer_name,sale_date,quantity,total_amount,store_location
10f1bc81-448a-4a9e-a6b2-bc5b50c187fc,24,Tommy Walter,2025-07-19,3,1323.69,Lake Victor
757750a9-a491-40b2-aa1f-ca65e27a984d,3,Charles Mcgee,2025-10-14,3,1343.58,Juliechester
5cabcc97-663f-4c97-9562-69f0e5d7b875,35,Zachary Hicks,2025-04-23,2,412.4,Port Danielburgh
98ae4334-6c12-4ce8-ae34-0454cac5b68c,25,James Ferrell,2025-10-10,3,108.27,Tashatown
ae849217-1d53-434b-b881-39b9ae270da7,4,Nicole Mack,2025-07-29,3,779.7,West Ryanmouth
e037e5ed-b8db-4672-b42d-47cc00d4af59,13,Valerie Gill,2025-10-02,5,752.9,Port Colleenhaven
5fb8d16c-2720-497d-b2eb-d6899be578c7,10,Kimberly Osborne,2025-10-10,3,656.7,New Mariotown
e0f3eab0-5cec-4eb5-add9-68311ca35cfb,25,Dr. Cynthia Allen,2025-10-25,4,144.36,North Jessicaland
c40db9b4-885f-4e66-82b6-d2c5fa5d3100,39,Matthew Arroyo,2025-05-22,2,914.46,Allisonchester
8a0f4efb-edcd-465e-b638-6821f6e07cc0,30,Melissa Marquez,2025-08-20,1,35.9,Samuelhaven
3985c3cf-3f76-4e1d-9efa-21977394988f,38,Alex Spencer,2025-11-02,3,1485.75,North Chad
114125c6-3a9b-4dd4-8f12-59e0a18ff6b6,35,Shannon Jones,2025-06-19,4,824.8,Elizabethborough
ef7ddc76-b92d-422b-a1df-306f8a0b3c33,41,Laura Sanchez,2025-09-18,1,305.45,Leeville
6c6fa611-5ab3-4edf-ae59-5ed3a8b317fa,6,Scott Brown,2025-11-27,3,675.18,North Richardmouth
3fa7f104-1bf9-4e27-9c96-925eccf3a171,35,Joshua Taylor,2025-05-29,2,412.4,Stevenland
db20a56e-dc81-4fe7-8eda-8bbb71710434,18,Amber Kidd,2026-02-06,5,894.1,North Sarabury
7b3a4e3e-7c52-4a17-a80a-c07a2a935d62,25,James Brown,2025-08-13,1,36.09,South Josephmouth
f512c4c3-b253-4218-ac4a-37ea490617f2,19,Rachel Stanley,2025-09-24,4,1735.88,East Kenneth
bc594585-9445-48c0-8ef8-c2d6f7fd5646,14,Nicole Brown,2025-10-31,4,328.8,Shawhaven
82010c62-f5f5-4b22-8e8f-a8e0284d82e5,21,Cody Larson,2025-12-06,5,492.8,South David
94340a03-3f07-4814-91d6-3f78e3e9de99,31,Lisa Barnes,2025-10-31,5,572.1,Sarahborough
3d1a85dd-506e-4a9a-b758-588dab73295b,33,Carlos Brewer,2025-09-12,2,570.66,Sarahland
ff9ab5c2-9f04-4aed-b552-332702627f73,38,Ariel Medina,2025-10-01,4,1981.0,Davidstad
3e896c64-e117-4ac3-919c-4ea3e1805081,24,Christopher Bass,2025-12-17,5,2206.15,Cherylhaven
8dfa6a56-d12d-4c9a-aaf9-15310200b1f0,18,Matthew Mcmillan,2025-05-10,1,178.82,Darrellville
45b89cd9-27cb-4f2a-8da0-1097be0f051b,17,Daniel Cooper,2025-12-10,2,420.94,Williamview
0d01280f-d89a-40c0-a87d-1c78e7c421c7,26,Jeff Hill,2025-03-20,4,225.72,Kellieview
8d3aed99-711c-41c9-bdc1-4f1f295d6fbf,31,Kristina Rodriguez,2026-02-24,5,572.1,New Barry
25e97977-8d72-48e2-951f-58d05e84f058,42,Andrew Diaz,2026-03-16,1,194.86,West Jasonbury
c7b5b2bc-5a8a-4eca-9a50-aec3aabc25fa,18,Shelly Dickson,2026-01-04,5,894.1,East Michelle
2d534dd0-cf8e-4c5a-8cc5-6569f9e8a369,15,Allison Doyle,2025-07-26,4,1082.52,Phambury
b386f7a4-c991-403f-a8c1-3091444d610b,24,Shane Garrison,2025-06-13,4,1764.92,Port Samantha
cb9bc326-d20e-4c17-8e20-fd1a598336e3,31,Courtney Keller,2025-08-20,1,114.42,Joshualand
59e4b671-4774-4c58-85f8-bc16f7860b50,19,Jennifer Zavala,2025-10-13,3,1301.91,Sheilaville
2db69edb-42de-4fcc-b86c-2ca2e08596db,44,Victoria Johnson,2025-11-05,2,799.54,Reedmouth
82ec9f2d-fbf6-416f-9b30-80d56fb78271,31,Steven Lee,2025-04-05,4,457.68,Smithside
bdf070aa-f0b5-456b-b82c-9074afd5dea5,35,Christina Reynolds,2025-12-01,3,618.6,Cindyville
81d2c7de-4ce1-4b90-a669-7833b841d0a0,29,Jason Powell,2025-07-11,2,866.32,East Robert
bf85bf0e-ad64-456c-a10f-aa3ff0bbac67,50,Lisa Turner,2025-10-17,2,920.76,West Justinchester
a79ac9aa-9b4e-4c24-9479-e1e6c9277d9b,26,Jeremy Lowe,2025-10-03,4,225.72,Leonburgh
83f4a9a9-48a6-49d0-95b5-2908a8aa7158,29,Lisa Davis,2026-01-04,4,1732.64,Lake Lance
0640be0f-25b8-4d4b-b2fa-2de8ce7ae7f6,24,William Carr,2026-01-11,2,882.46,South Robertshire
624c69b6-b244-45a7-b7e5-848131c681ec,41,David Douglas Jr.,2026-01-04,5,1527.25,Port Ronaldburgh
8498e113-b227-462c-b53d-4330cdda24ba,17,Justin Lowery,2025-05-05,3,631.41,Andersonmouth
8f15ba58-fce6-4504-87f8-424daae65fc1,25,Tiffany Vance,2025-11-11,1,36.09,Rivasside
be6033f7-28be-4288-a5af-6e39722764e6,45,Joanna Walton,2026-02-08,2,753.5,Katiehaven
464c04af-3d3f-4799-a072-95e97c0e8cd8,32,Micheal Young,2025-07-27,5,1301.1,Patricialand
620e99d3-3b33-43d8-a69c-d696236c7b87,18,Michelle Brown,2025-08-24,4,715.28,Amychester
6b8e869f-d538-4b0e-b4f3-193c0ff0a55c,40,Randy Shah,2025-03-26,1,472.99,Woodsstad
da7b9095-63d6-4a39-80e3-befd4c71e0fe,17,Sara Medina,2025-12-29,5,1052.35,South Jeffrey
638c254c-076e-4bba-bc53-08bf6f92f25e,46,Michael Powell,2025-05-22,4,82.8,Calhounside
978648f8-64de-42e6-a82c-7d7b06e745f9,50,Alyssa Day,2025-05-10,5,2301.9,Whiteview
74672cd9-362f-4e5c-93cd-6268610cf373,50,Philip Gray,2026-01-05,2,920.76,Kingland
8a175dfe-bfc0-4dc8-84f6-4d8678660765,5,Trevor Walker,2025-04-14,1,223.94,Port Anthonybury
9f0fda8d-0537-4ff6-96d7-b3b833094d35,49,Cameron Caldwell,2025-10-24,3,1013.91,South Holly
9b1bc895-2af4-4ab7-9e6f-ea07c4536f1d,25,Nicole Wilson,2026-01-31,4,144.36,West Daniel
93676a02-4fdc-4e1b-adcb-8cb60692dc63,16,Tina Sanders,2025-12-21,1,476.8,North Brittany
1a16342c-3e2b-4091-a092-f52ad4a057a7,11,Elizabeth Sutton,2026-01-25,4,255.44,Port Tonyaton
a9597663-6daa-4e68-8861-fe1858e25888,20,Jonathan Peterson,2026-02-11,4,1118.64,Shortville
a2b5b498-5cb8-4aed-b5f6-2c976efb63b1,37,Julia Hernandez,2025-05-26,5,1250.45,Christinaside
6f81cf4f-7701-47bb-bbc6-7e1fc64ee6e3,8,Leslie Morris,2025-06-22,5,851.5,West Nicolebury
9c3eb2d5-91e1-4a96-b6f7-2255c01f36bf,3,Gabrielle Snyder,2025-07-23,5,2239.3,South Jason
4797b2c9-5720-4246-8223-623bcc3ebdde,41,Meredith Hill,2025-03-22,4,1221.8,North John
c2171429-8e20-4724-bd13-7018680bac63,22,John Joseph,2025-09-09,3,63.0,North Kellyfurt
a9f948b2-4e63-44bb-be49-3f43b118f68d,23,Kara Schmidt,2025-08-31,1,159.85,Michaelmouth
3b048a8b-405b-4dc9-8e7e-d827455ac762,49,Corey Wilson,2025-10-13,4,1351.88,East Javier
96ef2ad6-b97e-4703-86c8-adfe7bf47042,7,Kelly Campbell,2025-04-27,5,1679.65,West Jeremy
b540b30e-039f-4a25-8d61-68bd2defe193,42,Denise Mccann,2025-10-19,1,194.86,Heidiberg
7daa39f0-c0b6-4ce2-9e53-790aa34b6cf6,4,Adam Mitchell,2025-09-20,3,779.7,Petersonton
7a4c75d4-dc99-404c-b0e9-8b3b40a26c60,17,Austin Vasquez,2025-10-29,2,420.94,East Edwardshire
fe716b14-15ce-4a66-8dc8-2a1ef2f9e5fa,11,Justin Butler,2025-11-05,3,191.58,Port Alexandra
4c1f55ab-7156-49ee-a893-be3d7354ea6f,44,Wanda Torres,2025-11-15,3,1199.31,New Susanville
a021c0ca-3531-468d-8342-bd2bf295456e,6,Matthew Moore,2025-05-25,2,450.12,East Aaronmouth
4a8ff810-784c-4f29-9804-02a2b07aa066,15,Dwayne Campbell,2026-02-15,1,270.63,Jonesbury
ca8f3653-c9af-48f8-83b9-da13ec856f37,35,Mary Peck,2025-08-31,5,1031.0,New Jeffreyberg
246998e8-d39e-498b-8400-7d5ae88da719,34,Christopher Parker,2026-01-03,5,1756.1,Scottmouth
670acc5c-b321-4f21-8dd8-eb85b04d3376,2,Kathryn Snyder,2025-04-19,5,579.25,South Jessicaview
f63fce41-3a9a-4a5e-9761-32ed069f14f1,4,Shannon Matthews,2025-03-27,2,519.8,Barbaraburgh
7135f221-a6c9-437f-84da-d06a7872bdeb,32,Catherine Richards,2025-11-20,2,520.44,Costafort
5230dfbd-5553-42fe-a889-803e5913f9d3,37,Shannon Rivera,2025-12-13,5,1250.45,Robertsfurt
0964fbbf-8cd3-41b0-82b0-1cfdd045dd1c,3,Ernest Morris,2026-01-13,3,1343.58,Hancocktown
764414fd-8ae7-49ed-9e8e-de0ba85c6e4a,14,Cody Cox,2026-01-06,5,411.0,Garrettton
218a1536-8c99-4894-845d-cc38341c6494,46,Jessica Wolfe,2025-05-05,2,41.4,Lake Chelseabury
8d03c91e-4f8d-4238-a88b-78b5b5b453ca,42,Jason Walker,2026-02-08,3,584.58,South Staceyberg
4ab7706e-b773-40ca-aec2-59dc7f95897c,38,Denise Davenport,2025-09-18,1,495.25,South Andrea
9970cf60-ebff-4d15-b0cb-d7556232b17a,24,Sherry Shields,2025-07-04,1,441.23,Morganhaven
486822b9-00a8-4de9-920f-87d044656d6b,48,Sara Carpenter,2025-11-30,2,311.34,Grimesmouth
551ac8ea-585a-4afa-bbfd-cc1289e06ab3,31,Kimberly Gibson,2025-07-21,4,457.68,Lake John
c68a152f-db23-4a8c-bbca-bf85620a60ac,18,Evan Kennedy,2026-03-08,2,357.64,Hughesberg
2051acef-097a-4e10-b6fe-bc0e7ecddbaf,32,Leslie Kane,2026-02-21,1,260.22,Garciamouth
68f45bce-24e7-4e8e-b8f2-142303edd1f8,33,Tracy Jones,2026-01-16,5,1426.65,Matthewfurt
541cdfcd-da0d-4a5f-948f-8b74a65bb1f2,32,Shannon James,2025-07-19,5,1301.1,Brennanton
a193c4b2-3c19-471d-9184-05ad9e11d2cd,40,Donna Perez,2025-04-23,3,1418.97,Goodville
4ca9cf07-b1aa-4f6a-aa96-e1e27194eae2,22,Amber Flynn,2025-07-10,3,63.0,Nicholasberg
90e0a95b-697c-4923-87fa-841a3e83b91f,2,Catherine Thompson,2025-11-10,3,347.55,Harveybury
24a35cf2-9549-4931-a9af-299d7f671eec,49,Mark Stevens,2025-12-02,5,1689.85,Port Stevenport
12e89d10-2871-4733-8bed-db12ad77e82f,46,Gregory Matthews,2025-11-22,1,20.7,Vaughnmouth
ffd6f232-32ff-4294-8d57-d880d865d69a,32,John Young,2025-10-27,3,780.66,Baileyport
a881bfd3-d47d-477b-ba5a-91ca059dd55d,36,Adam Grimes,2026-01-15,2,608.04,New Julieport
9b689c88-3ae9-49fe-8c82-18dac696f5e6,36,Colleen Lee,2025-06-24,1,304.02,Lake Colton
4f1639a0-0a17-491e-a576-9411a0a11839,29,Amanda Diaz,2025-05-09,5,2165.8,West Markchester
c958e75e-21d5-4971-b367-49b52cf6bf75,36,Valerie Schmidt,2026-03-08,1,304.02,Mariaview
7b5a611a-f1b6-4afe-931e-df1ae9ff1cae,9,Elizabeth Harrell,2026-01-25,5,2267.7,South Sydneyberg
dc322c97-39c1-4262-b76c-8edec1101266,25,Megan Sanders,2026-02-10,1,36.09,Christopherfurt
1fa382e8-895c-4d99-83b3-8eb403902c5d,35,Michael Chambers,2025-11-01,3,618.6,Carsonstad
78b2b549-3bdb-409e-acc2-16a01bbc91f7,26,Stephen Hoffman,2026-03-09,5,282.15,Lake Bryan
b379cb1e-e8cd-40cc-b6da-3ca0d2e82f38,27,Jason Taylor,2025-04-02,3,1216.89,Wendyville
899ca782-e323-4d1a-bc1b-dacc18e19331,25,Jesse Santiago,2026-01-01,5,180.45,Matthewsberg
19597b5a-a7a8-4636-aa35-df59e2aa7a5d,31,Lisa Crosby,2025-07-05,3,343.26,Lake Mitchellmouth
dafec8a9-3c71-40be-b357-956071d79665,11,William Richardson,2026-03-04,1,63.86,Bruceview
f2f25eef-1f45-4bfd-b7dc-67e030974b2b,21,Jordan Bates,2025-11-23,1,98.56,North Kristinbury
90882eaf-c977-4598-a03c-8c25fd235def,4,Ronald Spencer,2025-11-01,4,1039.6,Port Molly
c9e48e8c-25c6-4c45-863d-04ee541c7a86,9,April Garrison,2025-05-14,4,1814.16,New John
ddcf8766-a93b-42cd-9c24-220e2cabd7e7,42,Adrian Tyler,2025-06-19,3,584.58,Alfredview
6bc4123e-bde1-4c1b-a073-3f6d0d6a05b3,9,Nichole Alvarez,2026-01-15,3,1360.62,Williamville
f206c269-38b7-4c07-80fb-929673b6a09b,34,Monica Kerr,2025-11-29,4,1404.88,Stephentown
d8e88ebb-7a9e-4eef-bfa3-61be0f9240e1,37,Michael Henry,2026-03-07,5,1250.45,Jonesland
10d08d11-25f9-44bf-9bb9-61555275eb94,20,Marcus Richards,2025-12-20,5,1398.3,Oscarhaven
9afd4015-816b-4b9f-b426-b1934b7e6b3c,43,Ricky Wilson,2025-11-28,2,325.06,South Shannon
d3d1bf0f-56c4-48e4-a9ef-afb13a7e8e14,4,Jason Davis,2025-08-31,2,519.8,Elizabethstad
ec48bf55-afd3-40c4-a713-582cf41ea3ac,34,Brandon Miller,2025-09-02,4,1404.88,Lake Joanneberg
f4e559e5-9622-4348-8f5a-e9d38e6e5003,40,Erin Martinez,2025-08-03,4,1891.96,Parrishton
4ffca6b1-99b4-49d4-89a2-14aef7e8f8e5,31,Kenneth Lewis,2025-11-29,4,457.68,Walkerville
5e187b24-8e67-4a01-986a-646059a1120e,19,Donald Perez,2025-09-01,1,433.97,New Sarahview
b3e4110a-45f5-4c52-ae2f-bf77076979d6,27,Tammy Bell,2025-05-28,2,811.26,New Diane
a2178f84-bdb0-45ff-a451-e5a411d059b2,29,Anna Moreno,2025-08-12,2,866.32,Chavezburgh
530ac1c7-b8ba-4368-8fc7-77685ebbcca5,17,Latoya Miller,2025-04-08,1,210.47,East Karen
45a88829-14e2-46e5-ac89-36bc0cbd3c03,49,Jeff Lawson,2025-08-26,4,1351.88,Jasonhaven
1c6345ab-6e0e-41e8-985d-3f861d2324e6,36,Michael Tucker,2025-12-03,2,608.04,Brandonfurt
01f7c7ec-0e06-40cd-996d-5c50fc04a168,46,Tony Saunders,2026-01-09,2,41.4,Keithville
6e3f683a-bf3c-4140-bf54-a51101fa964e,36,James Padilla,2025-09-29,2,608.04,Charleston
ebd14d2c-75b2-4455-84cc-3ede6fac1673,19,Erik Patterson,2025-08-23,4,1735.88,Robertsfurt
2bffe17b-5324-41fc-b758-dce20556daea,49,Lisa Collier,2026-03-11,4,1351.88,Christopherville
6683e107-96c0-44d0-af88-7f283e49fd09,9,Jennifer Collins,2025-07-28,3,1360.62,West Kimberly
1d30d990-a21b-4307-82af-085c138d994c,1,Cheyenne Parsons,2025-08-02,1,333.12,East Curtis
9a36d1ec-2c6a-4e9a-b280-67a14187222b,50,Peter Jones,2026-01-13,5,2301.9,Marshallshire
ae5ec365-72eb-4474-9458-054ec2874f06,38,Kristy Reid,2025-11-16,5,2476.25,Michellemouth
780b3657-117b-455b-b094-4bdb26a524e3,13,Eric Hill,2025-04-09,5,752.9,Williamport
0e9058b6-09a0-40f6-b3b0-a0917634c169,38,Dustin Newman,2026-02-14,5,2476.25,New Brookefurt
f4488385-8de7-4d6c-9490-77c27674456f,20,Stephanie Cole,2026-01-27,5,1398.3,West Cassidy
0fd6f47e-f52d-4af2-a69e-d4c980599b93,12,Robert Monroe,2025-12-21,4,810.68,New Debbieton
fdb1429e-7010-4d13-b526-b22d3f6c21f7,50,Joseph Moore,2025-08-10,2,920.76,Paulmouth
ca0ac6ac-0d67-438e-990f-0c5badcc3daf,50,Felicia Rivera,2025-10-21,3,1381.14,Mitchellberg
a9e27ba9-952e-4abb-94dd-5061555736f8,30,Gregory Ponce,2025-12-15,1,35.9,Andersonland
a4bbf962-606e-4e1c-8f15-84494f40c22f,49,Robin Santiago,2026-02-03,5,1689.85,Lake Ellenhaven
4f11d8dc-5cd3-4369-84aa-c1b75ca0c428,42,Daniel Meza,2025-09-23,4,779.44,East Zoe
d82c7565-4bb9-47ec-93c1-175427aa7cbc,13,Katie Fernandez,2025-12-30,2,301.16,Lake Matthewberg
29890880-277d-4be9-a070-b6a198e52499,18,Michael Weber,2026-03-04,3,536.46,Lake Samuel
b836c448-ad26-4ec5-9d42-b9e9692e07b6,49,Jeremy Mitchell,2026-01-03,1,337.97,Youngbury
c8cc7cfe-cf01-4944-b731-57494f3949a8,27,Russell Richardson,2025-10-26,4,1622.52,Murrayport
87079ad4-80be-4e35-a1c2-645ac7332304,4,Christopher Gonzalez,2025-11-08,2,519.8,Port John
5f07c1a5-dfc6-40ce-bb07-fd31a4244f23,30,Ashley Singleton,2026-02-12,1,35.9,West Christopherburgh
836b15c7-e7c2-45da-b306-958845d5a68d,30,Jeffrey Potts,2025-06-13,3,107.7,Wilkersontown
808389c8-657e-41c9-8da2-3e5c6a36af18,29,James Miller,2025-06-14,2,866.32,West Sarahmouth
09ce3cfb-2339-4a19-a563-7cc3ca97ebf5,1,Ronald Horton,2025-05-11,5,1665.6,Westtown
41843b03-04dd-4054-9448-23f7e7e646c7,25,Chase Bentley,2025-11-10,2,72.18,Rodriguezport
0c394ec7-1f31-4405-8d18-3eba3cd5fd7f,25,Mark Dean,2025-04-12,2,72.18,Port Rebeccaside
93364f7e-83ef-49f3-a1c7-cc8a04351b64,44,Charles Patterson,2025-11-12,4,1599.08,Johnchester
15eacbcf-ab10-41ce-aa14-3cd82ff3cde4,10,Heather Ashley,2025-10-16,1,218.9,South Morganton
5f90bed6-fb25-464d-a30a-a767a2bb522b,32,Alan Kramer,2025-07-30,2,520.44,Lake Diane
bc3536df-94f7-4dba-8581-1d2d1a89b71e,42,Brandi Bell,2025-07-28,3,584.58,Port Kimberly
7a8104de-b205-47bb-bb16-f75776f186ab,22,Robin Brown,2026-01-14,1,21.0,Johnsonborough
e2c328aa-3310-4475-8a86-22250b36e356,30,Timothy Robertson,2026-01-29,1,35.9,Kingborough
c7e53bbb-dcb5-4c53-9b62-a8df493e904d,4,Matthew Nelson,2026-01-23,3,779.7,Samuelfurt
f4dbca07-e506-4670-b092-947dbe4969ec,20,William Crawford,2025-09-28,1,279.66,Sandrahaven
ba220065-1526-4718-8d18-0a824447ceab,6,Jeffrey Carney,2025-05-28,5,1125.3,Manuelland
4e76833a-4baf-4f5e-a932-009453f28f11,44,Mitchell Jackson,2025-09-07,5,1998.85,Sergiostad
46494296-6f58-42c3-bf86-cc319d66e815,22,Rebecca Brown,2025-12-04,4,84.0,Coxburgh
d942644c-248d-41ec-87f8-d4f0f3ea0184,5,Rachael Johnson,2025-04-14,4,895.76,Port Deanna
9136f1f8-f310-46dc-a202-bee65cb5e69c,22,Christian Cole,2025-08-10,2,42.0,Scottland
5df06e8c-878a-4ed9-a33f-fc8292ec89af,50,Matthew Wright,2025-05-02,5,2301.9,Lake Jacobhaven
1e2595b8-8fc9-486b-a9dd-ebf563119aca,11,David Griffin,2025-11-11,3,191.58,Heatherfort
da52d2ee-22bf-48f5-9f65-2a87333ee344,35,Christopher Reeves,2025-04-22,2,412.4,Elizabethland
e42e5037-4a55-4ea0-8acb-be098ccc9cea,22,Christopher Mckinney,2025-12-15,2,42.0,Port Michael
3373730e-fc31-4597-9f11-9c0f3967e60a,41,Cynthia Snyder,2025-08-06,2,610.9,Tannerside
161237c9-e25d-49a8-9ca8-a5c42138afe0,21,James Love,2025-09-20,3,295.68,Hammondshire
5128b9b1-f8ed-40ca-a015-6a7212e153a6,47,Joanna Frazier,2025-07-30,1,364.1,Port Kimberly
c48d5650-2e95-42d6-9679-2482a3c988e4,37,Jessica Bartlett,2025-04-09,1,250.09,New Ericburgh
b596ca7c-ef4a-4a88-9299-e5052976aab2,45,Travis Stone,2025-07-07,3,1130.25,West Jamesside
4d85e9c7-a001-4720-a00b-290346426c45,32,Anna Davidson,2025-11-03,4,1040.88,East Donna
566e3cbe-9aea-422f-a6e9-87cab87b6384,2,Kristy Bryan,2025-03-30,5,579.25,North Stacyshire
c4576cc3-35f7-49bc-a6b0-745843c07d43,19,Lisa Johnson,2026-02-27,2,867.94,Dawnport
ceae71cf-ce00-4af0-beb0-51817ba24588,29,Elizabeth Jones,2025-04-11,2,866.32,South Robert
9b4e164b-5716-4c2e-b43a-da2a76e5ae78,18,Scott Flores,2026-02-16,1,178.82,Theresaberg
8fc85fc0-83d5-4ceb-9edb-b8eec2baf0e0,35,David Martinez,2025-09-09,5,1031.0,East Colin
dd39d793-6257-44a2-b204-be894a4b5563,38,Danielle Grimes,2025-05-20,4,1981.0,Sarahmouth
7f8e5483-28ca-4a1d-835b-ec2c3098f7b2,36,Julie Koch DDS,2025-04-22,2,608.04,Wagnerbury
0c74dc0f-5a57-4539-9556-0a2d3713b466,48,Johnny Khan,2025-11-28,2,311.34,Mitchelltown
22498f66-6e51-484d-9b84-edc3d8e049de,1,Monica Gallagher,2025-08-08,5,1665.6,South Brettside
49e1cd13-8da0-4495-9cce-5ba931d4ee09,44,Jonathan Duran,2025-07-05,3,1199.31,East Theresafurt
56ce4b42-fc9e-4dcb-8b7e-62685f89ed12,25,Holly Thomas,2025-11-07,2,72.18,Porterton
554227de-b6ad-448b-a314-d0c809f64405,38,Kelly Hernandez,2026-02-28,2,990.5,West Sarah
fd98fe33-6498-4be9-a999-bbef518b2f21,38,Sarah Wheeler,2025-10-02,5,2476.25,Ericksonport
5e4cb287-0442-41db-90d4-ea6779928faa,13,Brian Butler,2025-07-16,3,451.74,New Thomasshire
0d259caa-b8ad-4d87-ba40-45dd93dfd907,37,Carolyn Fuller,2025-11-14,4,1000.36,Hernandezbury
b35556a5-f2bd-42f2-9293-f70508150147,9,Albert Edwards,2025-05-16,1,453.54,Vaughnchester
eba742d2-9c89-4374-8664-95a780773e33,35,Ryan Luna,2025-12-18,4,824.8,New Jared
7a768555-a987-4218-bf84-faef5336723b,14,Emily Thompson,2026-03-08,1,82.2,Amyview
f5141058-3138-4975-bbf3-3a349c2dfa97,39,Justin Walker,2025-07-12,3,1371.69,Janetfort
8f7c1d59-594b-4a3a-bad4-65a15129950d,5,Rebecca Hill,2025-05-05,5,1119.7,Huangfurt
c5e78b23-f461-4f09-985a-befbd1812f77,36,Donna Roberts,2025-12-21,5,1520.1,West Sandraview
33baba88-36c7-46fa-baa4-f052bf519362,14,Denise Hoffman,2025-07-02,3,246.6,North Christina
0cfef683-3e11-4afe-bd41-96fe963a8617,39,Kiara Little,2025-04-08,2,914.46,South Markfort
23310a28-c550-4ca8-ae62-990c19bd4f93,22,Joshua Hickman,2025-08-24,1,21.0,Woodsborough
52380bf2-4988-4418-b6c3-1218c1836315,13,Anthony Mack,2025-11-27,5,752.9,New Joanne
e9c96c52-098c-40b3-afc9-909ed9af6e09,48,Jennifer Monroe,2026-03-16,5,778.35,Port Randyfort
f64e3dfc-bfbe-4c7a-afc5-97382fb21e66,19,Donna Johnson,2025-07-12,3,1301.91,West Justinside
f0458043-e3a6-4a70-be71-0b558639bd41,36,Jonathan Nelson,2026-01-27,3,912.06,West Franciscomouth
2faabe0b-b7f6-4cdf-81dc-1c60a5f60735,31,George Phillips,2025-12-05,3,343.26,East Cheryl
d3b59af7-67ce-478f-a5a4-983ba383889a,43,Garrett Morales,2025-04-25,2,325.06,East Thomas
42c2d2eb-01bf-4e73-bf80-0385ef9240b6,19,Jeremy Adams,2025-07-25,1,433.97,Brandishire
5c0b9b10-a757-4b10-82f5-25b902ed73ce,13,Amy Wilson,2025-07-16,1,150.58,South Gina
b41c504f-e346-4415-a526-7a2bec50ace4,7,Melissa Fowler,2026-03-19,5,1679.65,Michaelbury
7a6a2107-2231-4050-b515-94943818cfd3,7,Paul Obrien,2025-08-27,5,1679.65,Toddborough
c1369c65-ae2a-4341-bf59-e4f2c3093b6e,39,Rachel Fox,2025-10-10,1,457.23,Christianshire
8c32bdb2-d42a-495e-8fcf-601f1cb9b73a,29,Christina Herrera,2025-05-21,3,1299.48,Melissamouth
b787ef8d-3495-411e-ae27-d4321dc1e7eb,1,Ann Dixon,2026-01-27,1,333.12,South Davidchester
8f0d5540-0ec7-4662-905c-7bdd74f0beae,15,Robert Cummings,2025-08-19,2,541.26,Lisaborough
6c776e95-0b98-4ccd-92b2-102d940c3503,8,Arthur Mcknight,2026-03-16,4,681.2,South Anthonychester
c40d4874-22ab-4752-84db-5a622e13418d,5,Monica Stuart,2025-08-11,3,671.82,Westfurt
f6d22a7b-aec7-4a82-948b-4376602a4e57,12,Kimberly Valdez,2025-08-01,3,608.01,East Victoriafurt
fa8dae42-ba54-4920-a099-d18087623997,17,Aaron Johnson,2025-07-12,2,420.94,Nunezside
d2c7bffb-6118-433b-882c-cd1e6c93a791,39,Joe Moore,2025-05-31,5,2286.15,North Lisachester
e23ddfaa-efad-49e9-841c-147e9d6b9b62,37,Cynthia Jones,2025-11-04,2,500.18,South Carlaton
66fadca0-0b53-4932-bd94-19aa3ea6e5b2,8,Joshua Webster,2026-01-14,5,851.5,East Williamport
bb44badc-ea98-4ef8-90d7-5e373bf2025f,18,Laura Barton,2026-01-30,3,536.46,Joelberg
389641dd-8570-459f-a903-ae67fc568b53,6,Donald Hawkins,2025-11-03,1,225.06,Lake Erika
f8e8035b-0c00-488a-bee1-011a8e4c3ab5,17,Mason James,2025-10-08,3,631.41,Heatherchester
2f12b150-605f-41eb-8cc5-7e0d26332018,44,Kara Atkinson,2025-07-13,1,399.77,Port Steven
f7c0d5f7-69a5-4b4f-8ff8-869d0ec0713d,12,Joseph Price,2025-06-26,5,1013.35,West Deborah
5efeef4f-d8dd-4bc0-b325-3aa3ec170298,10,Nathaniel Lee,2025-07-01,4,875.6,Nunezton
cdfd9531-302b-4831-92a1-fe7ddfa59722,27,Misty Hansen,2025-09-21,4,1622.52,Port Rebecca
03ece8ff-e8b3-4763-b4ff-3f3a4d9dbaeb,24,Colton Figueroa,2026-01-03,5,2206.15,Rochaborough
8d55119e-3d44-4b2c-aa45-ba416589ada1,36,Douglas Owens,2025-11-25,5,1520.1,Kylestad
774c0afa-7f4d-408c-a1ff-f6c08347f1da,50,William Harrison,2026-02-08,5,2301.9,Robinstad
90019ed4-0bb4-41e7-a9f7-53f1501ba851,32,Natalie Smith,2025-10-19,2,520.44,Phillipsborough
91ddb9bf-613d-4de9-bae2-802354720d2d,12,Kathryn Pena,2025-12-09,1,202.67,Jonathanfort
bd5609c4-a446-4663-b93b-17fbf76d15fd,21,Christopher Norton Jr.,2025-12-23,1,98.56,Whiteside
0f09105c-f50d-4a37-a44d-9fecfd85d7fa,4,Sara Jones,2026-01-30,4,1039.6,Port Adamberg
116658ce-3b3f-4800-a175-a9c3d7b102a9,34,Alexa Wagner,2025-08-10,5,1756.1,New Danafort
01b158e9-0406-4f44-bce4-0679a8c6dbc0,34,Jennifer Smith,2025-12-24,3,1053.66,Amandaport
b2a6e468-d02b-4243-8091-3ac10463750e,19,Renee Browning,2025-04-29,2,867.94,New Eduardoborough
d0b1e3eb-409e-4a80-86c5-d1d69ea9f508,48,Robert Miller,2025-08-23,4,622.68,Cunninghambury
d90dd19b-d3fb-4043-af1d-5a1a4ccb2355,45,William Santos,2025-03-31,1,376.75,South Nicholasside
026b5383-a301-4c03-8e5d-8c6a79db7862,1,Angela Bruce,2025-11-24,5,1665.6,Arielville
0ae4ac11-eb4d-4f42-8735-70a2e5110961,32,Steven Schwartz,2025-10-25,3,780.66,Nelsonland
e63949d4-47c6-4688-acf3-2053af36b8cc,36,Mary White,2026-02-12,3,912.06,Alexisborough
d218c9d6-c093-4fb0-a4e9-bcfd9647ff9f,33,Jennifer Jones,2025-05-21,4,1141.32,New Mary
8a624cbd-e582-4678-ad52-29dd639fc471,4,Perry Taylor,2025-12-11,5,1299.5,New Juliestad
3b6dca0d-6fe5-440b-9901-ef870dbf0caf,43,Gina Mack,2025-11-05,4,650.12,Novakmouth
c8969c5b-45f8-428d-a255-e1bb07958c1f,4,Katherine Kelly DVM,2025-09-02,5,1299.5,Lake Brenda
9e5d9c7a-c5ac-4354-95f0-0cb4614c721d,14,David Jones,2025-07-01,4,328.8,South Jennifer
63be441d-bd5a-4c9e-a77e-b0aaa247541d,3,Brian Smith,2025-07-16,3,1343.58,Wardview
2ff8e87e-1659-4c89-a1eb-faa91a2bd69c,45,Justin Hunt,2025-04-28,4,1507.0,North Michaelland
530ddda6-c8d0-49e5-9919-65ea98d00c2c,24,Alexandria Gutierrez,2026-01-15,4,1764.92,Lake Rachelbury
af70de70-2b69-495e-8567-1b58926bffa5,49,Charles Turner,2025-09-26,2,675.94,North Gary
7bf69552-4cbc-4044-abcd-5ce746a56fe8,38,Heather Raymond,2025-12-23,5,2476.25,Wheelerborough
4dfe1117-22af-411f-9b62-8a9d75366b9f,39,James Skinner,2025-08-13,3,1371.69,Scottchester
a6aa59e5-dc08-4f29-92d3-3488d0c30018,19,Brandy Flores,2025-12-14,5,2169.85,South Leon
51b30182-f7fe-404f-a5f3-0779f6ee5cdb,6,Michael Henry,2025-10-28,2,450.12,West Nicholas
5d71a898-6497-4593-892e-8c93d105c8d6,15,Justin Vargas,2025-10-16,1,270.63,Lake Katrina
762cdfbc-ba2a-47ba-b3f8-1c3106e3f949,43,Christine Salinas,2026-02-04,3,487.59,Port Melaniechester
a2224f96-23a1-4e20-bfd2-55eeac484366,42,David Moore,2025-08-30,2,389.72,Jonesfort
81b15db9-88cc-4d49-a69b-29b8950df1a0,8,Sheila Barnes,2025-04-02,5,851.5,Jacquelineside
15c1604f-ea16-4354-a35f-c9c198049562,9,David Ortega,2025-05-22,4,1814.16,New Tonyafurt
f73936e9-54e3-4579-80af-d193f780ef2f,12,Ashley Garcia,2025-06-13,4,810.68,South Neil
96add4df-adf7-4924-85b8-386b768b4f7e,15,Brittany Cuevas,2025-09-22,2,541.26,West Robertland
baeb286b-f0d0-470f-94d1-3d551db6b844,3,Eric Gibson,2025-06-07,3,1343.58,Baileyville
73d39457-b25f-43df-b8d4-9848702ba49f,34,Eric Patrick,2025-05-02,2,702.44,Port Matthewville
ee0f65a8-2a13-4c1f-8cd0-15c1ad5900dd,37,Mrs. Carrie Moore,2025-10-22,2,500.18,Mullenbury
2f383b43-a137-48e4-a7b1-3040cc39b925,27,Matthew Foster,2025-12-30,5,2028.15,South Brittany
36fce0ac-b469-4db3-8123-a348638abdf6,8,Paul Stokes,2025-04-12,4,681.2,Port Monicaburgh
75220646-3273-45bf-9373-bf4d5da49cb9,21,Michael Burns,2025-11-22,4,394.24,Candicefurt
5a1baf0e-5911-46dc-9d3e-503a9645f0e4,44,Lisa Cervantes,2025-12-18,1,399.77,Samanthashire
502cf0ee-224a-46a6-ac0f-680115b24e1d,26,Eric White,2025-12-13,3,169.29,New Paul
623ad0fc-9326-4d25-a34b-456298af5cca,20,John Medina,2026-03-10,2,559.32,New Garrett
508850d3-2fe5-4140-a3ea-795649f1137d,10,Lisa Glenn,2025-03-22,4,875.6,Taylorfurt
a72f947d-8164-42cb-8fc3-d7d3f6bd80c7,50,Michael Perry PhD,2025-09-24,5,2301.9,North Ariana
4ac66780-3874-4f3c-82d4-9b56cbbed980,15,Danny Roberts,2026-01-16,3,811.89,Cunninghamfort
929d6377-1cfb-455f-82c4-2e488cbadae5,12,Reginald Morrow,2025-08-08,3,608.01,Port Jenniferside
1a37f6bd-6cd6-4011-bd61-f13b37f25d36,22,Martha Wright,2026-02-21,3,63.0,South Joseland
1e0d02b5-fe74-42cd-9d83-ad037066e289,24,Cynthia Cochran,2025-11-02,4,1764.92,Michellechester
c8ebe27a-23a4-470e-9dbc-15c02a7dc57c,37,Daniel Brown,2025-08-02,5,1250.45,Candiceburgh
4aea1b8f-b43c-4e0a-ba9f-c10e52daf681,26,Derek Hodge,2026-03-03,1,56.43,East Sydneychester
46feacd4-fe13-43cd-8f2d-5c15eb346d3a,3,Beth Cline,2025-06-23,4,1791.44,Lake Marc
ad1db537-d7f3-4368-82ef-eecb3f5fbf4f,1,Charles Chen,2025-11-17,3,999.36,Brooksland
c4d598f7-e14f-4093-8b6a-d0c7a2356dd4,23,Jose Ramirez,2026-03-17,2,319.7,Shawnfort
de70bd30-00a2-4367-94fb-09f053c93ae7,29,Morgan Simon,2025-09-13,3,1299.48,Melissaside
6dfd171a-f7d7-465d-b7c3-b3c965d0b517,31,Kathleen Morris,2025-07-07,5,572.1,Amyberg
c9ce44bd-7c3f-4add-9a38-5db590eeb067,23,Michael Williams,2025-04-26,5,799.25,Smithburgh
fde91c42-002c-4c22-b4de-5f7070f81dba,3,Christina Barker,2025-05-09,2,895.72,Erikview
40198303-5c45-4e4d-a793-13b817e52113,41,Matthew Banks,2025-04-08,5,1527.25,Garrettbury
b4258e19-1758-447e-a7cd-e1436de21429,20,Daniel Miller,2025-11-04,5,1398.3,New Erin
57f479b5-b212-46ee-8210-63710260a123,19,Virginia Henderson,2025-05-09,4,1735.88,Jonesfurt
1a38aad6-ce53-4ffd-bb13-4f0216de66c9,40,Jacob Evans,2025-08-14,2,945.98,Lake Victoria
9033da65-87cf-43fd-9183-6c4f249204c7,22,Matthew Alexander,2025-12-24,5,105.0,Lake Kaitlin
afc2ccfc-9db7-484b-a965-d1d1eb7e2e64,18,Daniel Mosley,2025-05-12,2,357.64,New Jessicastad
ca840003-5083-4fef-adec-6bbdf69777a1,41,Donald Miller,2025-10-19,2,610.9,Kimberlytown
e03635fc-a88d-4108-98d9-94b8d90f74e9,37,Joseph Hicks,2026-01-03,5,1250.45,Phillipston
f4655a21-cb35-497a-a5dd-98f1c8a738ab,46,James Allen,2025-11-21,3,62.1,New Pamelatown
51045a16-ef15-4b72-9c70-ee97fca45567,27,Scott Carroll,2025-08-07,2,811.26,Port Thomas
0445c1a8-12af-47e4-8536-c66efcc4091b,35,Alexis Lewis,2026-03-12,2,412.4,Port Raymondport
c4615234-8044-4eb2-b66e-dbf4a0ea0251,45,Michael Miller,2025-10-13,4,1507.0,West Christopher
3404c02a-ebc1-4b52-82e4-dd4a143ac1c5,8,Brittney Murphy,2025-11-01,5,851.5,West Hollybury
ecb4678c-1612-4aa6-be96-39ba0ed2ec9d,4,Jesse Lynch,2025-07-17,1,259.9,North Alexander
29f0ef7c-02e7-4f89-b395-7a9823204ff5,16,Gregory Holmes PhD,2025-06-27,4,1907.2,West David
bba1aed9-44cd-4fdd-9f9b-141ec7f7bda1,43,Patricia Johnson,2026-01-26,2,325.06,Nelsonland
939f71a2-f99c-4a5c-b65a-d0f14350ab06,2,Kathleen Dixon,2025-04-09,1,115.85,Villarrealburgh
c5f8e2f8-414f-4994-a845-77805e20c957,44,Kenneth Sharp,2025-06-15,1,399.77,North Micheletown
5d2d904f-78c5-4073-8bc5-72073e9aec86,47,Chris Velazquez,2026-02-15,2,728.2,New Lindachester
6a8fcacb-3f8e-4d0d-9261-9dec3979d5f5,12,Erica Mckenzie,2025-10-26,4,810.68,Davidton
8409c5ea-cde9-48b3-b922-a7e42de982f8,1,Dr. Andrea Marshall,2025-07-06,5,1665.6,Markside
335f2f59-5e71-4fca-820a-449774ed5145,22,Richard Stevenson,2025-06-21,1,21.0,Richardsonfort
3207343e-c6a0-4656-85c9-fb91ff6ef9ed,33,Kimberly Flynn,2025-05-16,5,1426.65,South Andrewside
b186a5a8-d6ee-426b-a2cd-159058af393c,17,Tiffany Smith,2025-11-29,3,631.41,Sweeneyport
fbad793f-87a1-4c02-b487-9e411a9c672a,7,Johnathan Brown,2025-05-13,3,1007.79,Christopherbury
69be173a-850e-40ad-9872-f72ee5b4a1ae,50,Jacqueline Villegas,2025-04-20,1,460.38,New Dennisfurt
0ff1c51f-915c-431b-9786-7b1213281726,48,Victor Young,2025-06-28,5,778.35,Sarafurt
53853918-bc40-45fa-94f7-6322b362c0d2,17,Dillon Jones,2025-06-05,4,841.88,Port Kayla
2a147a96-1b0c-42eb-a7c8-fc6c1be5a4c3,1,Erik Martinez,2025-08-05,3,999.36,South Kyle
1725d2c7-1eb2-47b8-9a3c-45ca43d78f2b,13,Michael Mckenzie,2025-12-14,3,451.74,East Marymouth
3f8b4433-b60e-495c-9759-ba9625f88c74,38,Jennifer Williams,2025-07-13,5,2476.25,Loriburgh
dac726b6-6786-4fb3-b3bc-9a7107f4fee5,11,Paul Wright,2025-09-14,2,127.72,Port Lauraville
c7ecfe71-d493-47fc-8fc9-8d2e030f9be9,44,Mrs. Samantha Watson,2025-11-18,3,1199.31,New Brendaland
329fc417-1081-4d45-bf45-f8a20594b24f,8,Jill Anderson,2026-03-05,5,851.5,Davidmouth
92ea1324-ec93-4596-ab01-57230cf697a5,7,Nathaniel Crawford,2025-08-14,3,1007.79,Thompsonborough
47a48c42-4665-4497-afe9-22aae886a011,38,Charles Mendez,2025-11-13,1,495.25,Lake Kenneth
7aa1c567-8cf9-4ea9-a1fd-c6d169785221,13,Douglas Taylor,2025-06-04,1,150.58,Lake Virginia
fd498e20-04ff-4ab2-8b7b-0b3a8b2d158a,37,Micheal Castillo,2026-01-16,3,750.27,Coopershire
453b45fe-636c-4499-9254-aad3809cd839,37,Francis Robinson,2026-03-01,3,750.27,Brianfort
95804c2a-c44f-44b8-9b80-b8d18788dfed,17,Dr. Ariel Sandoval MD,2026-01-30,2,420.94,Port Wendybury
cc21cbdb-fb8f-48c4-98b4-8ead93608edf,20,Timothy Frey,2025-05-25,1,279.66,East Brittany
5bd93609-b297-4782-bcf4-74aace63cb1a,20,Alyssa Haynes,2025-10-25,5,1398.3,New Stacy
e1b243cc-cf76-4343-bced-f994d631c383,18,Kimberly Thompson,2025-04-02,3,536.46,North Jessebury
002ccb25-7a5d-4c82-86c5-547c051a0039,2,Lucas Drake,2025-07-29,1,115.85,Port Megan
25d07461-059c-4574-8f3f-0f4852d6b779,11,Sylvia Schroeder,2026-02-10,2,127.72,Susanstad
6545c030-a981-4a54-b121-e129b45c9a54,30,Gabrielle Morris,2025-05-19,2,71.8,Connerfort
b509f08a-2c98-4bca-9139-7c06a630ad9d,8,Melissa Mcfarland,2026-01-18,3,510.9,Jeffreyshire
4e8bf78a-60dd-47f1-ace3-d822d08012b8,33,Elizabeth Thompson,2025-03-19,1,285.33,Rosalesshire
5176a9d1-9a36-44d6-ae9c-e8ff084a3c4b,26,Tracy Walker,2025-10-24,3,169.29,South Donaldland
51cbf9e5-fb7d-4ba1-98c8-8c483ced4d1f,39,Stephen Davis,2025-12-19,3,1371.69,Seanview
115affac-b173-4cdf-bfe1-e8f335adde88,36,Richard Le,2025-04-06,2,608.04,Kimchester
69fd28e6-e271-4ff9-aa95-27f6f8170ebf,48,James Payne Jr.,2025-09-21,5,778.35,East Shannon
4b7f2183-088d-4d82-9883-e3f8cc9803de,37,Dean Garcia,2025-07-29,4,1000.36,South Eugene
e5eb772d-f11c-4ac5-8c0b-393a13335bc9,34,Gail Galloway,2026-02-28,1,351.22,Bushchester
9b792afa-2a3d-418d-a754-a29ff143e545,27,Brooke Garcia,2025-06-06,4,1622.52,South Heidi
8a45a905-badf-4397-acf2-6429b8d77d2f,23,Douglas Young,2025-04-07,3,479.55,Armstrongfort
00fa0eb4-5c5f-48d4-8df4-07b82751ab86,18,Edward Stanley,2025-11-07,1,178.82,Gonzaleztown
4ab427e3-a360-4681-abbb-a89d34fadee1,38,Kara Wilson,2026-01-17,3,1485.75,Ruizview
6334fa2a-8b4b-47e7-a451-5ae01754bf08,4,Stephen Wood,2025-09-08,4,1039.6,West Scottview
907276ea-44c0-4a9a-964a-cb1f39eb038a,34,Paul Contreras,2025-04-21,4,1404.88,Lindseychester
3a3e46b0-96f8-4ff7-81a7-2883f8802878,26,Sara Cardenas,2025-08-28,3,169.29,Armstrongbury
6511e61a-1436-45f5-8c81-926079ec533c,3,Michelle Shaw,2026-03-03,1,447.86,North Stacy
fbff8a7d-f2f5-4176-ac41-cbd372f444ab,13,Daniel Lee,2025-04-04,1,150.58,Millerchester
a091e5b4-d293-4e6e-bf4d-093033b0fb53,25,Kurt Flores,2025-12-26,3,108.27,North Paulfurt
46b518de-db4b-48eb-937d-0bd18d536c75,19,Sylvia Smith,2025-12-16,2,867.94,Rodriguezberg
952a5345-9682-49ff-910c-4cb725f06b0a,44,Teresa Buckley,2025-10-23,5,1998.85,Port Justinside
693016ea-e0bd-41ee-9807-cf74e1509425,21,Matthew Armstrong,2025-09-18,3,295.68,East Joshuaberg
b193c8b8-ae49-4079-9bd0-d4c79e45455e,46,James Koch,2025-12-12,2,41.4,North Julie
5f584603-e5a3-48e9-84c1-f1b5ebbbd763,39,Robert Turner,2025-07-05,5,2286.15,Garrisonville
226716e3-3a5b-4ac5-9e70-3b72f8f58a26,4,Patrick Schroeder,2025-07-21,2,519.8,Jessicaland
e9d6bb7e-361d-4014-b114-56de301c8db3,4,Natalie Malone,2026-02-18,5,1299.5,Lorihaven
4fa5c35e-10cc-4604-a8b2-6b1bca9f1d59,5,Jennifer Deleon,2025-10-08,4,895.76,East Jamesborough
08775804-3fde-4814-8ec0-ad4bd6441a9d,19,Thomas Bush,2025-07-03,1,433.97,Madisonhaven
1fb621ae-ec4e-4cbb-a2aa-378c659e0258,43,Dana Burns,2025-09-08,1,162.53,Port Thomas
29dc073e-5820-43f2-9989-dd6c8d2434f9,8,Deanna Rivas,2025-04-23,5,851.5,Anthonyton
c7a2f280-927f-4103-9a94-08c029b44cb1,18,Shannon Holland,2025-12-07,3,536.46,West Denise
c7c1fb1b-dd58-431b-8522-26b983666636,33,Melanie Wells,2025-05-09,2,570.66,New Lauren
ce1a1669-9bbc-4cbc-809c-a8f23948fe22,9,Michelle Fletcher,2025-07-03,2,907.08,Woodardstad
7779857f-37dc-4c78-8082-fcda7580e4e9,2,Joseph Hanson,2025-10-31,3,347.55,North Williamstad
9beab529-9801-4a2f-a5b8-36938fbba749,46,Michael Olson,2025-07-27,4,82.8,Danielleview
f3c2944a-b60a-4dcc-a7f7-745142da8609,47,Elizabeth Hernandez,2026-01-10,5,1820.5,North Linda
6772fe9f-999b-4859-8f5e-0f0bcd67b5df,43,Melanie Griffith,2025-11-28,2,325.06,Brightview
6365fc2a-6793-4b09-ab27-1effe82b5b36,2,Lauren Cooley,2026-01-29,1,115.85,West Jessica
a36884f5-88dd-4880-afb2-8b3d38eccb4d,44,Susan Powers,2025-10-02,3,1199.31,Meganside
7885187d-18fc-43b7-8b35-6e9a2e5eeb6a,35,David Stokes,2026-01-09,4,824.8,Lake Rachel
5af3da5a-38e5-4b27-96dc-5a6ea7890770,34,Seth Fisher,2026-02-26,1,351.22,Nathanshire
1e26ed31-d9e9-4758-b6b9-04364b46ef33,30,Sean Silva,2025-11-15,2,71.8,South Pamelahaven
61b512ed-ae42-4568-9e14-553b1eac41d9,39,Jennifer Pitts,2025-05-16,5,2286.15,East Matthew
e8184f34-e491-4f7d-91c4-6efcfcb896bb,25,Mrs. Shannon White,2025-04-19,1,36.09,Cookburgh
0134e76b-0ed9-4a95-a26e-865b503be788,5,Daniel Ayala,2025-10-28,4,895.76,South Kristen
9d4e8b5d-2120-4fba-9689-e0b8c79ddb62,16,Jeffrey Patterson,2025-09-20,4,1907.2,Smithside
f337b261-5f83-42d5-bb0c-7919330ccff5,25,Frank Whitaker,2025-06-01,1,36.09,Lake Adambury
58274e80-e082-4918-b18a-d67d39ec8ca1,47,Brian Gordon,2025-07-15,1,364.1,North Madison
74b79620-4a73-40bf-b2ce-7eeb4c56fb8f,19,Linda Morgan,2026-02-26,5,2169.85,West Wendy
303cb04b-c007-4336-9bf7-dda17d7c59a5,23,Terry Burnett,2025-03-26,2,319.7,East Jessica
059c1ba0-bbec-421d-b610-901c2196b3b5,49,Caroline Richardson,2025-11-26,5,1689.85,South Nancyview
0c7031eb-9f85-42dd-88e4-4a48c5709e30,30,Amber Rodriguez,2026-02-06,2,71.8,North Hannahchester
8c1ab2c7-1fa3-4d1f-a158-4f8871be94c3,48,Michael Harris,2025-12-10,3,467.01,West Robertville
9f6facc1-451d-48fe-8532-fc74a9987bdf,16,Breanna Rivas,2025-04-28,1,476.8,West Danielville
3322c68b-9be7-4aec-b2da-81f07f6bd3c6,16,Sandra Dudley,2025-08-05,3,1430.4,Phillipston
352b6ec8-e90d-41cb-bf11-1a368c52d271,49,Karen Young,2025-03-23,3,1013.91,North Maryfort
c78f07cf-170f-487b-b30e-e4fe262e5559,38,Misty Garcia,2025-06-26,4,1981.0,South Vanessa
0cd20e43-76da-4194-839d-b29d4bc81c16,12,Christopher Williams,2025-07-09,4,810.68,Lauriemouth
1851d1cf-1dab-410a-bd10-f87c6d0e0597,3,Stefanie Smith,2025-05-11,4,1791.44,West Michael
44afecb7-9f2e-4efc-b480-b91e700e0efc,26,Anna Briggs,2025-05-29,2,112.86,South Ricardomouth
b09d721b-62be-4009-95f0-fb6a4596da75,9,Rebecca Banks,2026-01-22,5,2267.7,North David
f1458426-fb48-4ded-8f03-7337b9f6143b,42,Ashley Pruitt,2025-09-22,3,584.58,Whitefurt
0760801f-9c81-4c46-9bcd-236cc7774fae,46,Sheryl Acosta,2026-02-28,2,41.4,South Samantha
70d0ebcb-6949-4ce5-a339-5b1a1ce97871,15,Dennis Edwards,2025-12-17,5,1353.15,Lake Morgan
b359390e-b030-4aaf-85ea-16e084e3b774,39,Jessica Barber,2025-09-22,2,914.46,Elizabethfurt
8eefa5dd-d391-4dcf-96ca-de2c260e37cc,27,Lisa Smith,2026-03-16,3,1216.89,New Melinda
2a57e880-de92-45ea-beef-09abda143a47,48,John Allen,2025-07-05,1,155.67,New Jeffreyfurt
142e3df0-3c28-45dc-912d-aea8673d2920,14,Robert West,2026-02-14,2,164.4,Westville
a7437402-bec7-4b11-bf53-dc0afb0d3cda,15,Jamie Johnson,2025-10-18,4,1082.52,Port Christopherport
34f43404-8ff5-4701-8222-6c16e3de4ec0,34,Joy Peterson,2026-02-02,4,1404.88,Port Jeffreymouth
9ea87552-c475-46bf-8f66-0bbd54fc286f,15,Michelle Cox,2025-09-10,2,541.26,North Katherinebury
d4734534-5aea-4352-9763-2e1e008ffab9,11,Rebecca Kelley,2025-08-11,4,255.44,North Pennyfort
be153187-b783-41d5-9264-04b923f47a55,29,Ashley Carr,2025-05-30,3,1299.48,Port Philipmouth
b77f69b9-30c9-451f-880b-2af7d315fafa,2,Peter Williams,2025-11-19,4,463.4,Port Patriciamouth
811317a8-f4c8-4393-96dd-6c82a8909e31,4,Jonathan Moreno,2025-04-06,4,1039.6,Robersonfort
ebd14b0c-c7f4-44f9-8222-1ad3eca391d4,47,Melissa Thompson,2026-01-29,4,1456.4,North Paul
52645a59-e1f8-4b33-9b2d-5a2a99bd6240,12,Janice Petty,2026-03-09,5,1013.35,West Raymond
73edb223-4b4e-4503-b872-241357c5982c,44,Brenda Morrison,2026-02-26,4,1599.08,Meganside
bca0258e-b63d-45d5-905c-7527dc57546d,2,Mackenzie Harris,2025-11-16,1,115.85,Glendaberg
f9a55cf2-a66c-4fa1-b5dc-8a9afb38cd91,29,Kathy Benson,2025-07-22,2,866.32,Port Michaelfort
aacad101-f153-4f68-9215-583a9532caba,23,Megan English,2025-10-12,4,639.4,Nataliechester
1b41a61e-85d1-41ef-8344-edb3ceed0ffc,25,Charles Santiago,2025-06-04,1,36.09,Karenburgh
4024c424-aef2-4b2f-895f-a2fcfbc8c77e,6,Antonio Mueller,2025-06-06,4,900.24,West Lisaville
bd4f6118-acef-45c4-9e37-90fb9db94eee,49,Courtney Holland,2025-08-17,1,337.97,New Kristen
b1644235-49a2-4fde-b235-7a3ccc7f9517,30,Tammy Hughes,2026-01-19,5,179.5,Tammyton
33fd862d-4057-4470-be61-27a80351b09d,30,Priscilla Berg,2026-02-04,3,107.7,Lake Janet
96a06bf2-c14e-4d10-9e24-4824a5cb3c6e,46,Lindsey Parsons,2025-06-02,4,82.8,Shaneland
bc2e2b59-2c7d-4667-b664-c7202fddb26a,24,Jamie Patterson,2025-10-21,4,1764.92,Davidshire
549fc34c-0171-45a7-8148-bd11d89462e8,42,Timothy Williams,2026-03-14,1,194.86,Candiceport
8cd74c27-929a-4586-8a37-6c367d94bf10,41,Richard Stewart,2025-06-12,2,610.9,New Carlos
8b074d1a-6a7a-4841-a8cc-812a8150e0c9,3,Anna Walker,2025-06-09,1,447.86,Markport
9e47a339-c0ae-4b1a-b347-673637ec07a6,19,Yesenia Colon,2025-11-26,3,1301.91,North Elizabethmouth
9d1b83df-a46b-4fce-a78d-147c3d877034,2,Dana Williams,2026-02-25,2,231.7,Patrickville
b9567731-8a4c-4e1f-81af-eb2a62c8c3f4,9,Thomas Short,2025-08-11,3,1360.62,Tuckerport
5200044b-3148-4df8-a6ca-8d50e5f5c891,13,Tiffany Jackson,2026-01-13,2,301.16,Lake Cameronborough
d5ee2587-6c98-4d9b-af76-b6c2dd6d6b41,38,Joshua Park,2025-12-31,4,1981.0,Lucasland
0614ac41-275c-45dc-afa0-8cbebf343ca7,40,Gary Miller,2025-04-09,5,2364.95,Port Johnathan
3a46fbe3-d255-44de-9330-ba8312087e20,10,Jennifer Hayes,2025-08-23,4,875.6,Stewartfurt
01829782-88ea-47d4-9e49-4952ac5d4e57,49,Lisa Avila,2025-11-01,1,337.97,Lake Melaniestad
4a32bb22-1b2b-42ec-80b9-ec30ed94898b,25,Elizabeth Miller,2026-01-10,1,36.09,Jamestown
38491ecc-8891-47fd-a804-d0ac795741bb,10,James Salinas,2025-10-16,5,1094.5,Susanberg
ea06f94b-e310-4f72-ad62-d0944c4d6e40,8,Sharon Wong,2025-03-23,1,170.3,North Bobby
8982cbf8-64e2-49c0-98be-5ff0929daf9f,18,Angela Clark,2025-12-31,3,536.46,Jasonhaven
38858f7e-2f1a-45a8-a934-4e152477f047,2,Dawn Wilson,2025-12-04,4,463.4,Port Karenside
12b99a50-8cb6-41f0-a509-6396761579e7,48,Austin Garcia,2025-12-25,2,311.34,Lynnstad
3c0a584e-a7cd-43cb-abda-06b220d2b528,41,Manuel Mccullough,2025-07-20,4,1221.8,Hayesport
90c80420-2703-4b27-958c-2936b18678ce,3,Rhonda Benjamin,2025-05-23,1,447.86,West Johnbury
6fa5d3b0-a40d-4ea5-bd64-987eb652ae99,3,Ian Frazier,2025-07-25,3,1343.58,Fordstad
8d3a5d76-7caa-481b-8e33-6644c65720ae,34,Matthew Miller,2025-07-05,3,1053.66,New James
139309d1-a06a-487d-a2e6-e7a6bbc99473,45,Stephanie Atkinson,2025-11-19,4,1507.0,Port Bonniefurt
e80382eb-3677-4be4-970c-9eb4c4ea4ece,39,Dean Shannon,2025-10-14,4,1828.92,Valdezberg
e4354021-392a-4fc4-a47a-c5915da64a3a,5,Morgan Carter,2025-09-15,3,671.82,South Michaeltown
f6c8b8b9-d915-4664-bd27-4ad5a9a54c24,1,Lisa Martin,2025-10-04,4,1332.48,South Erik
a8cf4f62-90d9-470c-b2de-c75c90fcc9f1,28,Brianna Dennis,2026-03-18,5,1301.55,Billyfort
5e934de0-43ac-4875-9017-ab443b53f64b,43,Michael Holmes,2026-01-20,1,162.53,Paulmouth
fb07ee93-0a37-41ab-8be3-534ae1ad640c,42,Ashley Schmitt,2025-11-20,5,974.3,Maryview
2c816bf0-91f6-4406-8b5a-868394213090,48,James Matthews,2026-03-02,2,311.34,New Johnbury
d1366db1-5a57-4607-a7e5-46468430f0fa,38,Katelyn Olson,2025-11-08,2,990.5,New Nicolemouth
83b8fa05-13bc-4dc6-bae0-acdb2a6524af,37,Christine Lopez,2025-08-06,3,750.27,Lake Jerrymouth
acdbd5f2-7b44-4cd0-9d03-c3d5b862acc3,5,Daniel Martin,2026-02-05,1,223.94,Johnsonton
293fc266-97a4-48b8-92d0-031920bd1422,27,Jose Macdonald,2025-05-15,2,811.26,East Jonathanburgh
996f7e88-67cb-4c39-b54f-1b928442906f,23,Marcia Johns,2025-12-26,3,479.55,Staceyborough
78ae8d5d-fe26-4e77-9b45-47e072fefdc2,8,Carolyn Greer,2025-11-07,2,340.6,Port Brandi
a8debd88-9f8a-4deb-ae8f-f5a8c47a3b7e,38,Carol Jennings,2026-03-12,4,1981.0,Carlsonland
21d8b96a-62ad-4157-a0d2-759a3ad51382,38,Dale Heath,2025-09-30,4,1981.0,Serranoville
9d6022c5-e6cf-4bd8-b9d2-90012d6b8a4e,30,Sherry Schmidt,2026-01-05,1,35.9,North Timothyberg
d3d877a8-8a0e-457a-9a7d-509de6e8790b,35,Todd Gregory,2025-09-02,1,206.2,Woodton
3abf9c65-6dd0-43f3-87a2-0e22b298b811,6,Karen Mack,2025-08-02,4,900.24,South Dennisfort
dbeae9f8-e8fb-4a96-bb85-f6e1c40f5405,9,Kyle Stephens,2025-06-27,2,907.08,North Jenna
85c53910-93f6-4723-81d2-3a76ca179780,19,Adam Pena,2025-12-11,4,1735.88,Robertville
95dad216-a6cd-4e3c-ad13-0705279f91ab,26,Scott Henderson,2025-08-08,3,169.29,Victoriafurt
8d56bff6-69c9-420f-b425-449cc145d6ba,48,Karen Wood,2025-10-20,5,778.35,Kingport
b49b4b72-c631-4c16-9827-bc1d93e0f235,1,Charles Shields,2025-05-04,1,333.12,South Krista
36e6ba85-19ab-4c15-a96b-67bff301bb6c,46,Rachel Owen,2025-11-12,1,20.7,East Paultown
25343e85-d2c0-4ec2-9751-94d7cdeb2696,29,Kyle Davis,2025-06-29,1,433.16,West Christopher
ee415f16-6263-407c-b978-7c4b09aa5570,39,Miss Kelly Dawson,2025-11-06,3,1371.69,Port Lorifort
d9beccff-33a3-45f3-82bd-eabe706078eb,3,Regina Mitchell,2025-04-01,2,895.72,New Gavin
a7af5545-3d3f-4c1b-9c17-ebb5093b4d72,47,Christopher Shea,2026-01-15,4,1456.4,Gomezfurt
848ac924-3347-4a91-9609-598e67cba27a,38,Michael Calhoun,2025-10-18,1,495.25,Jessicaside
58f42098-591c-4524-953b-0f1fea3e072a,40,Destiny Obrien,2025-06-02,3,1418.97,Spearsshire
6839f98f-2ccf-4472-82d7-f1120130d66b,6,Kristin Gordon,2025-07-29,4,900.24,Port Williamview
cb1b8eff-d02a-4cbb-89b4-094ae048f1de,50,Melissa Church,2025-10-23,3,1381.14,Carrillomouth
ae7cfd14-7577-4730-868d-a4b2f613bda0,2,Kevin Johnson,2025-05-03,1,115.85,Carlosbury
ccd7608f-3adc-438c-b380-46efad4a2b3c,21,Tyler Black,2025-03-22,5,492.8,Johnland
d231f372-bfb0-442c-ac77-776266205167,40,Justin White,2025-07-18,2,945.98,Jefferyshire
bf0418a9-f276-4513-aeca-f62944e22691,30,Susan Porter,2025-06-04,4,143.6,Lake John
33e88249-3aad-4840-b4ef-71df43f19b58,12,Sara Kelly,2026-01-15,5,1013.35,North Samanthafort
db6a34ea-c3a5-4237-81b2-16cf9d23c3cf,11,Amanda Olson,2025-11-15,5,319.3,Travisshire
2ed0b0b2-7da5-4b6e-8654-e77dde67a278,33,Dr. Diana Walker,2025-10-28,2,570.66,North Alicia
8a6fc4b3-f08d-412e-ba73-2f356c5540f0,8,Gregory Dalton,2026-01-14,4,681.2,South Tiffany
50ce857f-75c7-4fb6-84a9-1789b2c027e8,41,Alexandra Clark,2025-10-30,2,610.9,West Michaelview
3cb526d7-434a-430e-8c6e-a6ad2fe938e4,46,Tyler Cooper,2025-05-29,1,20.7,Colemanchester
5d75c03c-5f4f-4f10-808f-e6d7b361e70a,15,Diana White,2025-05-08,4,1082.52,Port Cory
8e2ac3ff-3c5d-4a42-8dd8-af09451b6267,4,James Thomas,2025-12-30,2,519.8,South Linda
226cbc6a-7fe5-44b6-abe8-c7562d36226c,49,Sarah Holmes DDS,2026-01-17,2,675.94,Evansside
65fdaadb-0c36-4d4e-915d-9a63dbc6c928,17,Christopher Lewis,2025-06-25,2,420.94,Combsville
42803aa0-55ac-4d06-be9d-a9517329af6e,8,Justin Frederick,2025-06-27,5,851.5,Andrewville
f68ece81-adf9-468b-9e0b-de1859e110eb,4,Laura Santos,2025-10-14,2,519.8,Port Justin
7ccc63de-82ac-4e1d-ac56-5da653391df4,25,Jillian Miller,2025-11-12,1,36.09,Stevenberg
cec68cfe-a3fd-47f0-aae6-3af6de46222e,50,Jennifer Salazar,2025-08-23,4,1841.52,North Fernandobury
4a965478-a72b-4ddd-911e-eeb850405c43,21,Lisa Foster,2026-02-26,4,394.24,Normanstad
f72cb6c8-855c-4a97-9640-5fcdbf761449,18,Christopher Dickerson,2025-05-06,5,894.1,Lake Johnathan
147f1f67-bfee-419d-b360-dfaabe6e9d47,40,James Davis,2026-03-17,1,472.99,Kelleytown
c3d6cd54-8623-4c74-a5a2-9cc8c55be95d,5,Ashley Montgomery MD,2026-03-15,4,895.76,Parkerbury
a06109db-7172-4636-88bf-b602bcd2e8eb,8,Joseph Jackson,2025-04-01,4,681.2,Michellemouth
f99863f2-7799-4ddb-b9e5-46e7dd3ee854,50,Taylor Dunn,2025-05-10,1,460.38,New Carla
e096521e-a2c7-43d4-bfb8-abb9a18c5492,37,Kelly Fowler,2025-07-17,4,1000.36,Timothybury
4ed0730d-711d-41dd-96ed-0330ce015413,36,David Torres,2025-03-19,2,608.04,West Justin
ec0dfc3a-b011-4125-8221-11e588fc3da1,33,Pedro Evans DDS,2026-01-22,2,570.66,Carlatown
69678586-3046-4008-9fa7-20128c57a277,13,Jessica Wright,2025-12-21,3,451.74,Claytonbury
a0152b5b-6c17-4150-9447-16cc4352acea,14,Phillip Kent,2026-01-26,1,82.2,Justinside
3020cf06-69b4-4194-84d1-8524cf0e1567,9,Catherine Roberts,2025-11-21,3,1360.62,Williamsonview
3012f819-7df3-4378-9f6c-cab4b3522c18,27,Christian Booker,2025-03-27,1,405.63,North Julian
ba23b07a-703c-4286-b717-14cd200291bb,4,Brandon Smith,2025-06-11,2,519.8,Robertfort
b26a51a5-76b4-4672-9f13-e10bff7a884d,28,Erin Bridges,2025-05-14,2,520.62,West Kimberlyland
3133839e-2e7d-452b-b85b-8a078b0ea0b9,11,Danielle James,2025-03-23,2,127.72,Port Jenniferfurt
3f46057b-7165-436b-b997-c779c56f05e6,37,Amanda Murray,2026-01-12,3,750.27,New Elizabethborough
f6121d2c-ae73-40eb-a39d-8fe7790b185c,11,Frank Soto,2025-04-04,5,319.3,West Timothyport
0d559b64-e334-4bac-9c44-ebd132df8d45,16,Claudia Rodriguez,2025-11-19,3,1430.4,Nguyenburgh
1ea15b0f-95ae-418b-86ae-7e06cb5d2b59,46,David Novak,2025-10-30,1,20.7,Barkerberg
3fac4317-16e8-47b0-8552-f3c55f13fb98,13,Brandon Montgomery,2026-03-15,3,451.74,North Michaelberg
1b7e0502-ca9d-4831-894e-7397b38a3db1,28,David Holden,2026-01-19,2,520.62,Lindamouth
b072afc8-0577-4108-b166-2c94bbb24366,12,Nathaniel King,2025-04-03,1,202.67,Mannside
7d76ab58-b271-415b-8af0-9ec34b726a7c,40,Cody Bailey,2025-12-28,2,945.98,Hillside
27afbff9-87f8-4f62-91a1-e557290c4414,32,Robert Weaver,2025-09-11,4,1040.88,Port Danafurt
04cad30a-e207-4b20-af7f-2cd7bbd0fe6c,20,Helen Oliver,2025-07-21,3,838.98,Lake Tammyfurt
7f5f61aa-aee7-47a5-8629-6fbe309b48dd,50,Brittany Campbell,2025-08-25,2,920.76,Danielhaven
d5cf3b4c-0b34-4c84-9111-ee29a8ad1539,50,Cassandra Johnson,2025-04-29,1,460.38,Leeton
637b3648-d617-49c0-a449-d64f922ddab6,49,Kelly Miles,2025-06-26,5,1689.85,West Jeffreyland
356fdc0a-ebc8-46b7-ae22-4f7003599c6d,31,Tanya Collier,2025-09-16,2,228.84,West Angelachester
b55beaaa-cb53-40be-9e7b-4866d2705470,16,Luis Rice,2025-12-29,5,2384.0,Port Kevinborough
19e9e3a4-18dc-4eb6-84fc-fcb0f5e90352,31,Kim Lopez,2025-10-09,1,114.42,New Colleen
8ee25e54-bfcb-4388-8ef4-d74b2dcc4095,16,Brian Fowler,2025-08-05,5,2384.0,Parkchester
cadec379-2ab4-43f6-9aa6-7474e200c157,26,James Morgan,2025-05-19,3,169.29,Mahoneymouth
531c8812-ff31-450a-bdd0-84a18cd2216f,44,Jennifer Schultz,2026-02-02,2,799.54,Charleneshire
c4057420-6004-4231-b6c3-fe858bae295e,13,Natasha Ward,2025-09-10,2,301.16,Moyertown
48d3d2ce-fba3-491f-88df-aaf8b9efaad6,13,Kelly Holder,2025-07-14,1,150.58,West Traceyborough
c5828939-058e-489e-909d-97cddb107e7f,27,Melissa Hill,2025-10-20,3,1216.89,North Benjamin
43d643ed-236e-4832-a7f6-a2ac5b0c4170,8,Kevin Hall,2026-01-27,4,681.2,Christopherfurt
bbf8da91-37a9-4824-aafa-4d5b91ae3d4c,41,Frederick Olson,2025-09-24,3,916.35,New Dawnton
61ad018a-9387-4413-8eef-7261bb1502ea,28,Anthony Wise,2025-08-01,1,260.31,Butlerville
bf67de42-3a0a-4b59-8538-4872deaa543e,21,Lindsey Smith,2026-01-14,3,295.68,Brownhaven
909e21ba-8a38-45aa-91be-ba8e0a8aeb94,3,Jonathan Walker,2025-04-07,4,1791.44,Maddoxshire
6e935615-38da-4a90-970f-ad328135f15a,36,James Anderson,2025-04-20,4,1216.08,Duncanton
15c7bc83-4336-4fe5-a631-66a78c53b74c,43,Jeffrey Wolfe,2026-01-08,2,325.06,South Anita
9242ba54-a6f9-40e1-a533-9cf07ce4770e,29,Luis Fitzgerald,2025-06-22,3,1299.48,North Joseph
ec94503e-af4a-4cdd-92cb-1ae06e18c9b3,46,Ashley Gutierrez,2025-08-07,4,82.8,Jamesstad
c509d558-0632-4b36-a7c8-f0c59808552c,20,William Jensen,2026-01-24,3,838.98,Hansonmouth
3bc5f97f-d173-470b-ac99-3c800b7d1856,29,James Todd,2026-02-13,5,2165.8,North Jodibury
25ce2a21-ed3e-4846-9efa-0407f2edcab0,4,Samantha Smith,2025-12-13,3,779.7,West Shannontown
89bab9c8-bd71-4da3-b581-a63254f5df70,36,Joshua Christensen,2025-10-18,1,304.02,Deanberg
04b51c12-ab13-4032-b2e1-9f66b1f02ea8,44,Taylor Rose,2025-06-26,2,799.54,North Justin
4572b385-9e32-4085-b24f-92b9ca0841de,41,Matthew Smith,2025-08-16,1,305.45,Elizabethstad
4ae0fd7a-04e2-4132-9b9e-c5f9dd419a67,1,Marie Hall,2025-08-13,3,999.36,West Toddside
802aa6eb-32e9-4c2d-afb9-0ccf168885c2,18,Kristina Marquez,2025-04-03,1,178.82,New Kevin
28317f0d-be90-43fb-a4b5-d9a57d6c3d2a,38,Michael Kelly,2025-07-14,5,2476.25,New Joshua
e0f0fe79-41f7-4651-a033-edad0fdfde19,36,Zachary Mooney,2025-10-20,1,304.02,Jeremiahmouth
23238416-a82c-4e18-a491-982be5ad481d,27,James Yu,2025-11-11,1,405.63,South John
4ff85111-f875-4fd4-ad2c-cf42271a919f,38,Erin Daniels,2025-06-07,5,2476.25,New Amber
235b275b-dcd2-4b97-b3ca-9a6bccd3af7c,17,Michael Mills,2025-05-10,4,841.88,Forbesberg
eac7dc2e-9099-4283-aedb-0ce5a7fecdcd,8,Barry Patel,2025-12-23,5,851.5,East Lonnieberg
51958000-c3f3-4c8c-878c-3875ba21e269,19,Jennifer Jenkins,2025-09-07,5,2169.85,Edwinborough
06b4ed27-2f4b-4be8-a1ac-fdb51b555f6d,4,Lisa Adams,2025-10-25,5,1299.5,New Jesse
14588063-5bf8-4d1d-86ad-7920aff7ff5d,47,Karen Shaw,2025-11-08,3,1092.3,Josephstad
7dcf60fd-6330-48ed-9a25-27952f191516,18,Christopher Perez,2025-08-24,1,178.82,West Stephaniebury
33ece6b1-fcfd-4547-abdc-e0dabe0bbddd,40,Andrea Ho,2025-09-05,4,1891.96,Wattsmouth
67a55936-6d74-4a0b-bf2d-39c8e338e579,3,Lisa Holloway,2025-12-23,3,1343.58,Phillipshire
a43262b3-8675-420e-8941-bdd39803a82e,13,Rachel Meyer,2025-09-10,1,150.58,Wilcoxton
84c9b276-3ee7-4d31-beef-21f8e0b62f90,47,Victoria Williams,2025-08-16,2,728.2,East Kellyfurt
d3def87c-c60f-4252-8df7-42aee267e12b,36,Christopher Phillips,2026-03-10,5,1520.1,Lake Zacharyberg
73a27c7b-a566-4884-9473-e68776ad1c33,46,Jonathan White,2025-11-01,4,82.8,South Robert
74246baa-2dca-4c82-8660-a3e9736d417c,9,Michelle Harris,2025-09-11,5,2267.7,West Marioburgh
17584f23-1fa0-4802-bbb7-1494b7e767d4,33,Jerry Cox,2025-10-08,2,570.66,Acostahaven
60f11528-28ef-4f46-b323-123e9cb0c90c,44,Amanda Jackson,2025-07-27,2,799.54,East Misty
0d22af35-b648-4e8a-84e7-75b92dca365a,33,Eric Mack,2025-09-08,2,570.66,Courtneyville
33ee16e7-f5de-4eba-a1ae-a39be606d7c2,4,Preston Smith,2025-09-28,1,259.9,Stephenstown
3ce5988c-7e53-4702-a1f8-d1929ba4d5a6,9,Matthew Chavez,2025-09-06,3,1360.62,New Carolbury
9ea8fcb1-4732-48c9-8c1e-9464e1d5c0dc,26,Samantha Clark,2025-05-29,4,225.72,North Denise
084d7822-da94-4e70-a537-41e409668d08,46,Sara Evans,2026-03-11,2,41.4,North Danielburgh
9c7060da-48cd-49c5-ac0e-1f71294d43ed,43,Melissa Armstrong,2025-10-23,1,162.53,South Kara
17d71fc0-092c-4030-ae75-76375c3552b3,30,Erica Merritt,2026-01-31,3,107.7,Port Ronaldside
227197ca-7887-43ed-8af7-15b7109efb40,11,Scott Murphy,2025-08-26,4,255.44,Lake Jason
bacf7cfc-9245-4cc4-9bfb-3b3d0ee52f63,38,Kendra Miller,2025-12-25,1,495.25,Ronaldmouth
feb9ea24-933c-4d00-8680-0a0b42791490,44,Tammy Mendez,2025-09-27,5,1998.85,Vasquezburgh
b565f64e-3b93-453f-9c02-040de237c877,28,Cory Wilson,2025-09-15,1,260.31,Lake Melaniechester
5982aa44-5573-48cf-8ba5-605069fe99a9,14,Marcia Smith,2025-06-05,3,246.6,Jonathanland
8ccc617e-81b6-4951-8cdf-697f4eca2e96,6,Aaron Jennings,2025-07-29,1,225.06,Ramseytown
549c9eb9-31ab-4158-acf6-073bd500c147,48,Tammy Mendoza,2025-09-19,1,155.67,Lake Derekberg
dd7f57d1-e45d-4f26-b5eb-0e8fa090360d,39,Frances Bowers,2025-08-26,5,2286.15,Port Adrianashire
8e2017e1-50c4-4b4b-ad9e-5c1eb9974024,21,Christine Jennings,2026-01-23,1,98.56,Carlberg
56d2b14d-07fa-46f7-973a-ae7b47cc3a66,17,Miss Sarah Duncan,2025-08-17,3,631.41,New Darryl
b48c531b-4eeb-47ff-8064-f074c847b130,1,Michelle Nelson,2025-04-21,2,666.24,Wileystad
4d79132c-f362-4408-9457-530573b0220d,48,Eric Rodriguez,2026-01-17,3,467.01,Port Jamesland
cc8ceba9-0662-400c-8188-de48719b2dd6,4,Mr. Connor Mclean,2025-12-28,3,779.7,Kimberlyberg
d277ab64-1927-43a7-9f2e-37e7c4fcbb84,45,Ms. Wendy Harris,2025-04-02,1,376.75,Hugheshaven
eeada90c-4f9c-48bf-810d-583f1da76d69,42,Ryan Wiggins,2025-07-26,3,584.58,Smallville
bedcacb7-a8b3-41a0-8424-6277854494ab,32,Kenneth Collins,2026-02-28,1,260.22,West James
51b3ccf5-8843-4a38-86d2-8109495c7ac8,21,Megan Nelson,2025-05-19,3,295.68,Dannyside
8ae3297e-34e2-4142-9a35-447583997ac5,48,Fernando Thomas,2025-12-17,4,622.68,Audreyburgh
e46a0b42-9cfe-4bd8-8fb6-7094123cf911,37,Jeremy Anderson,2025-09-17,2,500.18,North Patrickland
b465c027-2dd1-445b-a454-a82a6d2cdbf9,4,Leslie Huff,2025-12-15,4,1039.6,Jensenport
b680873b-32b9-4542-9143-e0a25513b74f,11,Rhonda Miller,2026-03-12,2,127.72,Bradleyland
b2d7692a-eb70-4da9-8d66-d79dd0170108,22,Jesus Cohen,2025-12-19,4,84.0,Ruizbury
9defeab9-e54c-46ca-9c70-ce2224caf1b8,6,Jack White,2026-03-10,2,450.12,Kristinamouth
10bbc60d-07bf-43ee-bccd-3dc0740a5bed,16,Gregory Murray,2025-05-24,5,2384.0,Katrinashire
67db0943-1a59-43eb-8208-fd42209ce4a5,44,Rebecca Nguyen,2025-11-26,1,399.77,Port Kevinmouth
3d134526-69d7-4427-972d-5d57669be896,33,Kimberly Dickson,2025-08-15,4,1141.32,West Jaredshire
6f73573b-faee-4acd-88c8-ccf96e5fbf71,15,Gloria Benson,2025-05-25,5,1353.15,Lake Sarahshire
979800c3-1d44-4351-bc93-cdc3d635212d,44,Erika Davis,2025-09-07,2,799.54,West Stephanie
af7d7f21-1bd6-403d-9927-839b11d1ce50,9,Patricia Gray,2025-09-26,3,1360.62,North Jeffberg
c146ed52-e73b-4913-94ad-345ae3239264,21,April Thomas,2025-05-15,2,197.12,Schmidtfurt
32173525-7279-401c-93f3-503d9d96232d,8,Shawn Evans,2026-01-21,3,510.9,Samanthachester
5821b9f8-ea45-4afd-bb8a-61ebb7c12a4c,13,Lauren Carr DDS,2026-02-11,5,752.9,Port Kelly
f7c8435f-8c83-4c68-a6ac-e59a5e85643c,6,Michael Hoover,2025-08-05,4,900.24,Port Juliantown
9714fadc-b3c4-4030-ae84-e8323c38c3f0,6,Evan Reyes,2025-08-14,4,900.24,Gardnerburgh
8e301bcc-302f-4247-a39a-046d79912c51,43,Tim Larsen,2025-05-17,1,162.53,Whitneyberg
a5fcd671-125d-4206-82f8-65f8226001c6,49,Nathan Tucker,2025-09-04,1,337.97,North Derrick
74be4b20-dc32-48a0-aa75-80e2ce52309d,27,Melissa Conrad,2025-11-16,1,405.63,South William
627ca9f7-7336-4302-91f0-33748d532691,16,Cody Jacobs,2025-10-29,3,1430.4,Bradfordbury
692caaae-44ed-48e2-8071-4c8ab64e26cf,50,Laura Johnson,2025-04-02,5,2301.9,Bushville
b0c46ddc-f634-41f8-bb45-bd9c948c7eb4,18,Nicholas Fox,2026-02-15,3,536.46,Stevenland
16a46b83-9c2d-4672-a3d1-803c85fab5ea,6,Mark Alvarado,2025-12-03,2,450.12,Lake Cynthiashire
e7515d4b-0d82-4d52-9cf0-21b84ffffb59,29,Richard Harrison,2025-10-04,1,433.16,Berrymouth
fa4e8355-f5e8-47e1-9a58-9b676bc7b635,45,Donna Johnson,2026-03-12,2,753.5,Jessicashire
79210c7c-a119-4eee-8fb9-130742ac66dc,18,Laura Douglas,2025-07-10,1,178.82,West Toddberg
c8a4ae21-d9f8-40e9-93ad-3ead816ebf32,9,Casey Campbell,2026-02-15,1,453.54,Alexisville
977e3f2c-e8fe-4095-acb3-7e239a940c6c,20,Mary Wood,2025-05-26,3,838.98,Kimberlybury
8702f4ad-cca3-44c4-ae49-82cf7c239ebc,22,Grace Miller,2025-05-14,3,63.0,Port Tyler
62173b7f-c536-42ce-a9b6-f3b7fe5b9fc9,13,Jeremiah Walsh,2025-06-08,4,602.32,Brianview
0d722918-1db1-4e86-91cc-c8d3c1676505,48,James Turner,2026-01-02,2,311.34,South Frances
25288a1b-433b-46fc-b97e-b3e463dba8c8,23,Jessica Roberts,2026-01-22,5,799.25,Reyesmouth
f4b3f20e-aed0-4b57-87be-b021f63614f5,48,Thomas Walsh,2026-02-09,4,622.68,Bishopview
cd649aff-445f-4de1-8534-17b555c06c8e,18,Matthew Myers,2026-01-13,1,178.82,Lake Emily
56604762-851b-4860-b1e6-a645c53f4f7e,29,Wendy Edwards,2025-03-23,3,1299.48,Port Carloschester
af7ce609-1a99-4ae0-8677-b81d1902c93b,27,Daniel Campbell,2025-06-01,2,811.26,North Christineton
e4db04c8-a817-4c85-9819-7749f041e4f7,6,Tiffany Little,2025-12-18,4,900.24,North Melissaberg
e65fa9fa-c38c-4eaf-a809-7a77603ecfef,25,Regina Lopez,2025-05-01,3,108.27,West Kenneth
a3871e92-1362-4119-afa9-a0a3a9151364,9,Zachary Hammond,2025-12-12,5,2267.7,Jonathanland
61ff1d9a-0ff8-4e8a-86f0-6a7146fc4ff2,34,Zachary Scott,2026-01-28,1,351.22,Gregoryland
335f0d14-edb7-44e4-babb-66097de17a85,9,Cassandra Vasquez,2025-05-13,3,1360.62,Robinsonville
424d9430-b724-49b7-b10b-7fa9e9a0c20d,1,Benjamin Duncan,2025-06-24,1,333.12,Smithfort
0038dc84-a3ed-433a-a722-2ea2261b5048,18,Mary Adams,2025-12-15,5,894.1,Rebeccashire
f09e0302-b525-44d9-83f0-23fd00f2baa4,21,Karen Powell,2025-12-26,4,394.24,New Jeremiahfurt
c7a2ee6f-d166-4b08-b073-6dd1f443864c,3,Mr. Timothy Howard,2025-12-08,4,1791.44,Richardland
f5ff3705-da74-4056-88dd-44cc5d87edd2,20,Ryan Hodges,2025-07-09,1,279.66,East Angela
30e59543-a925-4e85-a258-8ce9f7aeede8,5,James Rodriguez,2025-12-11,2,447.88,Tommouth
092385fe-23d3-4d22-b080-bed6bc3e34af,33,Nathan Watkins,2025-09-24,5,1426.65,Brownside
88b04b77-7feb-4cf3-8ec7-7371a4b65cfa,44,Robin Levy,2025-03-25,1,399.77,West Brianton
ce9e5929-3630-4a60-9e41-82bb67cf5ce0,49,Kelly Bentley,2026-02-19,4,1351.88,Lake Beth
bc4716ad-0970-409d-9270-c935ecc0baa6,6,Matthew Ruiz,2026-03-10,3,675.18,East Jacquelineberg
0cca0c05-a1f6-49ed-ac18-82c903ad702e,8,Samantha Davis,2025-11-11,1,170.3,Port Brittany
1d3ae131-1b38-4581-9145-bd7fd15b5a37,43,Robert Walker PhD,2025-08-31,2,325.06,Lisafurt
af206a9d-f9d1-4507-9eec-e89153010fb9,25,Brenda Copeland,2026-01-21,2,72.18,Port Brandon
1ee92d3b-102f-4f5c-95e3-92952c6710bd,26,Peter Jackson,2025-08-09,5,282.15,South John
19977e2e-2224-4813-8a6b-3e3d94fd0594,50,Lynn Bennett,2025-05-19,5,2301.9,South Christophertown
b4ecfe8d-16d1-45ca-ad17-4fdd2dee003e,25,Stacie Butler,2026-01-26,5,180.45,Schwartzborough
85e9054f-455c-4668-a3cb-9e1824a167fd,40,David Thompson,2025-12-12,2,945.98,New Hectorfort
a08fa1c6-1688-4e84-b346-bbe79caf4bfe,47,Elizabeth Barnes,2025-10-21,3,1092.3,East David
9e719a56-187e-4ca4-ba0f-01a487bb1f6d,24,Philip Fernandez,2025-06-12,2,882.46,Townsendborough
1cd889e2-3197-4167-8d95-ee7246c3e497,43,Melinda Schmitt,2025-09-19,3,487.59,Thompsonton
48f9fd0d-5d3b-41d3-a515-99820dd4c0e6,5,David Jensen,2026-02-27,4,895.76,Williamston
2875ad5d-2d06-4862-8990-779cecc3b699,16,Karina Wilson,2026-03-01,5,2384.0,Lake Sean
32e15f17-6b47-4d61-9372-ebed946b4482,9,Stephanie Hall,2025-04-30,2,907.08,Jeremybury
33304e33-deb0-4e7d-a99f-db02bcdd0b48,33,Daniel Ruiz,2025-09-23,3,855.99,South Dustinmouth
22eb69b1-5f9c-47e0-a328-143e2d9563ed,41,Cory Howard,2025-07-01,5,1527.25,West David
47d5ac92-0f45-45da-9194-1591b134b58f,35,Samuel Ellis,2025-05-24,5,1031.0,Jeffreyport
cb68a34e-ca1f-4ff2-a823-442c9a87e357,7,Lisa Jackson,2025-10-19,1,335.93,North Robert
fee3dbaa-dcb9-43b4-bd3d-16ca8592a38f,8,John Ford,2025-03-24,5,851.5,Fitzgeraldbury
9457f388-6f2a-4c8a-93c9-aacb3f71e1ae,46,Timothy Shah,2026-03-08,5,103.5,South Tinaton
c4c36368-bbc5-4a50-b87c-b0d3fdc419b2,20,Jessica Foster,2026-01-27,3,838.98,South Tylerland
b172ec53-032e-4730-80c9-c3ed8ef90060,7,Tiffany Anderson,2025-07-11,3,1007.79,Lake Yolanda
4e09c596-ab45-4af0-bad3-0e2a0413ffc7,9,Joe Hudson,2025-10-31,3,1360.62,South Stevenberg
2f589a81-67c5-429b-b400-a5e1dfcb821b,38,Jacqueline Marshall,2025-11-19,2,990.5,Port Courtneyfurt
87ea651b-5539-462b-b0d5-08a9e4b81e89,32,Jeffery Nelson,2025-11-11,3,780.66,Port Gail
bc5ad195-55f0-4600-a17f-348d9ed62705,28,Kayla Kent,2025-08-07,5,1301.55,North Patrickmouth
5dce8d9b-5d96-420d-8a76-bd919e7f87a7,46,Justin Jones,2025-12-19,2,41.4,East Tina
a6276167-1d12-4daf-8a25-71593d170879,14,Todd Carpenter,2025-12-16,1,82.2,Port Julie
e5def08e-5a4b-4fdb-9209-eaab39b6410e,10,Michael Ramirez,2025-04-12,3,656.7,Michaelfort
1f69e2b1-d45e-487f-86d4-aba8805f0892,21,Joseph Bryan,2026-03-03,2,197.12,Shannonstad
b177116d-f203-4633-ac5d-d02dccc67ffd,37,Teresa Jones,2026-02-28,1,250.09,Millerfurt
f5504c52-49d2-4ac0-adc6-9c90e5dfc7af,24,Ashley Hill,2025-12-14,2,882.46,South Edward
a0952c4d-f3bd-4348-854b-c8fa344a21b7,30,Jason Fleming,2026-03-15,2,71.8,South Michael
057fdd20-a50a-4a29-bcda-835f71a0cff8,43,Arthur Wiggins,2025-06-17,3,487.59,Robertmouth
5388d128-c96d-425e-a563-9cf4a7dfeb92,50,Mr. Joseph Kelley,2025-09-12,5,2301.9,Ashleyport
3a0e618f-428f-4941-8a0d-72ce2bf6f6c4,18,Dr. Randy Williams,2025-08-03,3,536.46,Stephenburgh
b639529e-2929-4691-ac93-e43d9e5e8cfe,8,Catherine Thompson,2025-12-19,3,510.9,East John
931414e8-510e-441f-be67-e8e90a88e6ca,22,David Lopez,2025-10-23,2,42.0,Lake Loganstad
8a34b26b-72cc-4fc5-9f77-5a7a25dfac07,46,Kimberly Martinez,2025-03-28,4,82.8,Velazquezberg
51f9cd77-ed85-4a6d-b542-2851f2a24da4,1,Wayne Payne,2025-10-02,3,999.36,Deborahport
f83811c5-4a32-4d2a-a55e-c749795235ad,42,Veronica Berry,2025-05-15,1,194.86,Morganville
0a42be3f-e671-4582-ba9e-8394bb4ccb14,28,Juan Parker,2025-08-21,1,260.31,South Michael
a42d10f5-9baf-4c20-8e16-af3f538cc0ca,32,Joseph Harrington,2026-01-10,1,260.22,Jamesland
ad5406bc-7209-4a7b-9975-a56289d56357,11,Anita Hunt,2025-06-02,1,63.86,Stewarthaven
aab133ba-e88f-4ab5-8e59-22e9f182cdf7,33,Charles Nash,2025-08-09,5,1426.65,Watsonport
fa3efd03-4ede-4e5f-99f2-674c584cb0f7,5,Justin Lewis,2026-02-26,1,223.94,Figueroachester
29ee29f4-49e3-4b48-b147-f758cdbe5548,14,Tracy Coleman,2026-03-02,4,328.8,Taylorshire
3531518a-24c5-4b47-9609-34d199125090,29,William Fox,2025-07-27,3,1299.48,New Katelynland
ea16ce6e-a388-4a32-a8d2-699201b1c626,13,Christopher Murray,2025-10-25,3,451.74,East Jacob
7d9704fe-8dca-4908-8a1a-421961bba5fb,7,Ronald Davenport,2025-07-15,2,671.86,Hansenmouth
00a0586e-ca8d-4d5a-86de-fca8397a284f,6,Eric Davidson,2025-11-21,5,1125.3,Martinezport
e8239943-7dec-4605-adeb-57f96acac954,19,Danielle Wilson,2025-07-04,1,433.97,Gambleland
94c0b9e0-5c9c-4570-bedd-62a79950f11a,3,Mr. David Jennings,2025-12-13,1,447.86,West Williamshire
29b05b37-4271-4779-9864-465a047dd583,45,Brianna Murray,2025-12-13,3,1130.25,West Frank
a2e11798-6b65-450b-9c75-352c45cdb96b,20,Heather Roberts,2025-10-10,3,838.98,New Jamesburgh
c0ac430a-9948-4f82-9831-b802c3c2aee6,12,Frank Stewart,2026-02-10,4,810.68,Josephstad
5a0461c9-947d-4fcf-88cf-c53d188889ce,20,Alexandria Holmes,2025-08-10,1,279.66,Jenkinsburgh
80ddb386-2790-492f-b7c6-bc5d1a380e8e,21,Colin Prince,2025-11-12,5,492.8,South Stevenland
ec6494e0-2198-4e3c-919f-cf311dd73f1f,9,Gregory Vazquez,2025-05-11,1,453.54,Prestonhaven
2c15c4ad-5790-4515-b859-396dc37a9ab0,22,Alyssa Olsen,2025-06-13,3,63.0,Port Heather
20168e6d-4eb3-4f63-ba00-c83eb023dbc3,42,William Coleman,2026-01-09,1,194.86,North Andrewfort
32440f07-0ae2-43e0-ae66-3c0ac1e0a4a1,32,Ricky Palmer,2025-04-11,2,520.44,Wilsonview
aae6f1a1-4d38-48d0-90f5-96510b147f1f,49,Brent Martinez,2025-11-07,2,675.94,New Rachel
077d8688-59fe-4c45-abac-7bf82f4ddc9b,28,Ryan Mcmahon,2025-10-30,3,780.93,Michaelhaven
3de814ac-9cea-467b-ba82-854ac7e2a618,6,Andrea Weiss,2026-01-09,2,450.12,New Jayborough
e6d33572-2bf9-4861-8827-c440f6d9fe17,32,April Swanson,2026-03-12,4,1040.88,New Melissa
96e1a522-b2b8-4698-9dd0-855c7986f498,30,Michael Rodriguez,2026-02-06,3,107.7,Tinachester
685707ac-3a40-4e39-83a5-f42136daa93a,38,William Martinez,2025-04-30,2,990.5,South Kathryn
b8ddf15d-8ea0-45f0-89cc-253fb4693ec4,13,Garrett Wilson,2025-07-07,2,301.16,Burkeport
71a71782-d751-4f9c-b9e6-debbafe2487f,2,Jason Mercer,2025-09-01,2,231.7,Port Chad
f067ad82-79c5-445a-8d6c-78ddd74f9844,24,Cassie Lutz,2025-09-25,2,882.46,South Samuelland
668f5032-6512-4d2e-a4b3-bc8e1e850f80,48,Vanessa Figueroa,2026-02-28,4,622.68,North Michael
984f5a56-3344-47eb-96b0-905232f75350,34,Jennifer Hall,2025-08-30,5,1756.1,Ramirezshire
ca1c3218-c19d-41c5-85e1-8b7797f971d5,36,Terri Kelly,2025-12-02,3,912.06,Archerhaven
7462f144-c49b-4e62-a5ba-4f0347656069,36,David Crawford,2025-11-18,1,304.02,North Cory
7f85c4e7-1177-4f21-948f-5ba30d87bc72,19,Valerie Reyes,2025-12-07,4,1735.88,Ericville
c0697f1d-a93c-4413-9396-a289c29a988f,15,Katherine Owens,2025-07-11,5,1353.15,Henryview
dc137c04-cf3a-4f8d-97f7-31e38add3976,42,Alicia Gallagher,2025-09-02,4,779.44,South Shannonfurt
08697ffa-0936-4f02-b5ac-0819714b5c03,39,Matthew Chan,2026-02-25,5,2286.15,South Ryan
7cc9d887-639a-4771-b739-a28a4ffd5b7a,18,Laura Henry,2025-10-20,5,894.1,Alvarezburgh
436d977b-6431-4bbe-8e44-c9dc81b61c87,31,Wesley Jensen MD,2025-07-07,2,228.84,Bryanshire
5dcd0d40-d641-4102-a0d1-968f0b8ce21f,43,Patrick Johnson,2026-02-28,4,650.12,Oscarchester
697437ea-5b7c-47e8-bdf0-2450585b4b17,46,Matthew Wright,2025-11-25,1,20.7,Brittanyland
566c93cc-1d4d-4db1-8e0e-be2ede72d970,45,Joshua Johnson,2025-11-29,2,753.5,Bradleychester
783e40ab-b22a-45a6-8539-1557444122a5,3,Victoria Gray,2025-08-17,3,1343.58,Ashleyfort
34b6685d-acd4-480a-b0dc-75fb199d5089,33,Jonathan Hubbard,2025-07-28,2,570.66,New Kevin
7f383a3e-33a6-4403-af9d-1d74f82c6ad8,42,Valerie Jones,2026-02-12,1,194.86,West Joseph
66eb43b0-92d2-408e-bf08-c7394c1d2e43,11,Lori Rubio,2025-12-22,3,191.58,New Matthewland
79ab3018-87f3-49a4-8d1a-810d910171d2,19,Gregory Jones,2026-02-01,2,867.94,Williamport
5037e669-8a3a-4129-a9d8-4c4f6ed338be,33,James Weber,2025-09-11,3,855.99,North Courtney
93ac009a-2fc1-4403-9cda-8cc184274378,28,Mr. Rodney Hurley III,2025-11-21,5,1301.55,Michaelton
76658707-5d41-4ac5-b35d-ab4685b375aa,5,Chris Jennings,2025-07-13,2,447.88,Jenkinsland
69958fd1-d891-4adf-b41c-612aa2491260,22,Dustin Martin,2025-12-10,5,105.0,South John
3edec38e-0717-4ef3-b121-68632663ed11,7,Emily Washington,2025-09-04,2,671.86,Lucaston
22ed1e25-45d0-4382-a8cb-b7ca33b5a667,24,Richard Ramirez,2025-10-18,5,2206.15,Lake Melissa
c840789b-7c60-4399-b8f4-0e5ef6babccc,12,Scott Miller,2025-11-07,1,202.67,Michellechester
a84d5f25-abf2-4369-9d0a-06d3e592ee7c,49,Jennifer Larsen,2026-02-09,1,337.97,East Daniel
1ee26f39-eed4-4b89-8010-4995bc06e86b,4,Sandra Herring,2026-03-15,5,1299.5,Tylerland
c5efd670-1f4d-48ce-998d-e3d83cf29ade,19,Erin Silva,2025-08-17,2,867.94,South Jeffery
f84ce7a9-36cf-42d5-acd6-e8df1b5829c9,37,Jason Roy,2025-04-09,5,1250.45,Fergusonville
79900a27-6c7c-4eb7-8bb5-f24251057c35,21,Tracey Suarez,2026-03-17,4,394.24,West Thomas
05651e80-4ee4-4227-9245-00395e24296e,42,Susan Johnson,2025-12-31,2,389.72,Lake Samanthabury
4f2c386f-627b-4edd-8d7f-937140c37cbc,47,Mercedes Leach,2025-12-10,5,1820.5,New Michellemouth
f5f3943a-e8e7-4030-8203-83406372d635,25,William Scott,2025-04-23,4,144.36,West Jason
70583380-ea77-41d6-a904-a6d6e3e735ab,48,Sherry Wang,2025-08-23,5,778.35,West Michellefort
ed2eebea-69b7-4533-bca8-3a8278997035,15,Michelle Mcdowell,2026-01-31,5,1353.15,Port Ethanview
6bbe2bd6-5a13-41e7-90fd-7164819f2393,23,Robin Rojas,2025-09-11,4,639.4,Port Brettburgh
a41f0d38-ca80-4df8-b182-fcf2a151ed02,44,James Fuller,2025-07-18,1,399.77,North Erichaven
d4a39a51-c481-4a69-b83b-f029b6ac2048,18,Beverly Wheeler,2025-08-25,2,357.64,Shannonberg
97d02f8f-affd-443b-ac69-1f0442bbeaae,37,Rebecca Gonzalez,2025-08-26,2,500.18,Hunterfurt
92051da0-e264-4336-95ad-86bcf1db9ad8,24,Travis Leblanc,2025-11-25,2,882.46,North Terri
da119684-b385-49de-8304-38b532c192f1,7,James Patterson,2025-06-28,4,1343.72,North Susan
1e0aaf12-9136-44ad-b27e-8ce72b8d2c49,50,Joseph Ayala,2026-03-14,3,1381.14,Wilcoxfort
340155bd-b6ac-4c8e-b977-c7b41e56d346,13,Scott Casey,2025-07-08,2,301.16,Reyeschester
372f5f47-999f-4691-b4e4-20bfdb38f306,9,Diane Byrd MD,2025-08-24,3,1360.62,North Kelly
73733554-9e20-4ac7-bc48-c93643054a31,31,Jaclyn Sutton,2025-09-12,2,228.84,North Taylormouth
afd58fe7-65c6-4548-b169-fdedf9723977,26,James Henderson,2025-11-05,2,112.86,Charlesside
ee5a4007-5536-4ab6-8d57-40850f0a6450,25,Terry Barajas,2026-03-18,5,180.45,North Jonfurt
abd7d3f1-650a-49aa-ba3f-012e4d711f28,21,Walter Hansen,2025-10-30,3,295.68,West Geoffrey
e0bdd765-56d4-4952-ae29-e80e7e2ac03a,18,Brandon Page,2025-09-03,1,178.82,West Darryl
7fcc4456-20bc-4fa0-ba80-10620b4e360a,14,Sandy Adkins,2026-03-13,1,82.2,Campbellview
ed3d5159-c2f5-4a5f-945f-f4db9ce91544,10,Erik Stafford,2025-07-19,4,875.6,Gallagherberg
a84ca488-ec40-44c6-9a60-69f38e40b294,11,Jessica Lopez,2025-04-09,5,319.3,East Barry
7796048f-b4b9-4b73-a9de-bccc429e09bd,5,Zachary Ho,2025-04-03,2,447.88,Kellyside
1ccc33c1-7e34-4f69-b52f-bd7e7c360908,39,Sharon Martinez,2025-04-24,2,914.46,Port Justin
823ca34a-bffb-493b-ab15-619ed5bf85f3,19,Kristine Alvarado,2025-06-09,2,867.94,New Katieburgh
3f042c7b-13ab-4d2c-aba0-330c6a9a6f4b,44,Megan Clay,2025-03-29,3,1199.31,Erinville
eddcac0a-9720-4c66-9fa1-846864e84ffc,4,Sara Hernandez,2025-04-19,4,1039.6,Rivasfort
44f20d97-f488-4671-a0db-fca2743cfb6b,42,Abigail Booker,2025-11-28,2,389.72,Nguyenshire
0c767092-dcff-47b6-b61c-2373211b20eb,18,Diane Yates,2026-01-01,3,536.46,New Stephaniefurt
2d921dab-4152-4bff-a61b-973817b16c43,10,Randy Ross,2025-03-26,3,656.7,East Paul
c0a7ad9c-a5ac-4d5a-88f1-8eed67037089,10,Brittany Evans,2026-01-24,1,218.9,Fitzgeraldport
219c00cb-9a7f-4e23-af59-aa66e75b2113,16,Brendan Richardson,2025-06-04,5,2384.0,Griffinfurt
99afee64-9024-4225-84bb-10e079f7f38c,14,Peter Shepherd,2025-11-12,4,328.8,South Crystal
577c9717-836a-4887-8a5a-269817cb67b8,46,Megan Holland,2025-12-21,5,103.5,South Alison
4a6b836b-157f-408b-8651-4886a5b09024,12,Bob Solis,2025-07-13,1,202.67,East Gabrielle
85e95c6c-3fa7-4199-976f-08134ce794d7,16,Keith Arnold,2026-03-10,4,1907.2,New Danielchester
a92dcf4f-76f3-4a50-9830-208269bba3c4,27,Robin Kelly,2025-11-01,3,1216.89,Port Wesleyville
2df721e0-767f-4c15-a95d-3271bd9277a4,34,Sarah Williams,2025-08-27,2,702.44,Leemouth
9fb209b1-732f-4932-ab96-2697c1e1f813,16,Gloria Hull,2026-01-27,5,2384.0,East Jacob
4262a48c-9aa3-4580-bb70-8dd7bf3d5023,50,Ashley Ferguson,2025-03-21,3,1381.14,Wilsonburgh
b11a3696-75cd-4e5c-ba24-8720a7e29299,8,Matthew Garner,2025-12-25,1,170.3,Turnerstad
b0b710ab-f690-42cf-ac7e-5cc6b0cf3e7f,38,Regina Miller,2025-05-10,1,495.25,East Danieltown
dbe83664-302f-420e-b874-05cab22f2e91,16,John Thomas,2025-06-20,1,476.8,Wilkinsonside
c50c71f4-4d08-4416-960a-3a1330dfc50c,1,John Johnson,2025-05-22,4,1332.48,Lake Jacqueline
0506536c-78b3-442a-bc2c-0791f6bffaa9,45,Lauren Harris,2025-10-26,1,376.75,Williamstown
b68d4037-d8fe-4fb8-a162-8abf1a482803,28,Jason Simpson,2025-10-29,4,1041.24,Benjaminfurt
b98050a6-974e-498d-836b-47c37c711cc8,48,Meghan Velasquez,2025-09-24,1,155.67,Lake Bruce
50db8e34-938f-4b90-ac08-7d6c04de78f8,43,Debra Wong,2026-02-27,1,162.53,Wilsonstad
05539a50-6fac-450d-b290-4e7372c573e9,5,Nicholas Harrison,2025-09-05,3,671.82,New Jeffrey
ebf6dd32-56d2-4b12-af5a-7636e8b8d252,32,Sarah Sandoval,2025-05-08,5,1301.1,Jenniferfurt
f0f24933-d544-479b-aab7-6840f5b5ac71,49,Morgan Flynn,2026-01-23,1,337.97,New Jared
aac4363f-1610-4c0a-bfcf-214eb0d18df1,17,Mr. Christopher Vasquez,2026-01-21,2,420.94,Hahnfort
8e8c71d8-359d-45ae-bc16-89c24dbc217c,33,Albert Ibarra,2025-08-04,5,1426.65,East Maria
ce8b76a2-082f-4fb9-80e3-fe4fe4fb2a3b,46,Jeffrey Williamson,2025-05-04,5,103.5,South Jonathan
c4f5b03e-5af1-428c-88ee-46bf571f7cdb,12,Shawn Adams,2025-05-16,2,405.34,Lake Brentmouth
d772e63e-f670-4a62-b506-d74ccc8a6796,27,Vanessa Harrington,2025-11-10,5,2028.15,Port Annahaven
1e392331-a142-468f-aac3-8bd31afc388c,1,Susan Moore,2025-07-10,3,999.36,Gillfort
277fecc6-196b-48f1-9ed8-9c47bb88854e,27,Felicia Taylor,2026-02-11,3,1216.89,South Tara
3ecd0888-01af-4939-84df-5b8dc4eb8e5d,31,Kara Mitchell,2025-05-24,3,343.26,West Nathanchester
3ed5e52e-aa3d-4111-a123-01935c532042,11,Paul Fisher,2025-06-15,2,127.72,Port Roy
7570d730-e5e7-4add-a8c8-7ed8eb035cda,3,Kelli Fleming,2025-03-30,2,895.72,Thomastown
f19293c9-8470-46c8-8e66-31cbb7b651ee,9,George Morales,2026-01-12,5,2267.7,South Bryan
ec2a322b-a901-4e33-897e-f98dc25a6eb3,16,Stephanie Brown,2025-11-19,5,2384.0,Robertside
be216c79-b8b7-41b0-8de8-1d1edfa0bc17,48,Gregory Wilcox,2026-03-03,2,311.34,Lake Richard
8b5f74aa-e338-4d52-b483-a23ba4d546e1,9,Lisa Ramos,2025-07-31,2,907.08,Roweport
55a15414-8995-4dd1-8976-e09f15936f42,48,Nathan Hobbs,2025-10-07,2,311.34,Jasonhaven
5738b277-8576-4472-8fef-c63f8d41d660,28,Caitlin Johnson,2026-01-22,2,520.62,Johnport
8159ace5-fca9-4028-ac39-12efb9fc829f,46,Anthony Watson,2025-11-17,1,20.7,Davidville
bca2c581-928b-4e4b-8c47-2ded72e06bb4,44,Gerald Young,2026-01-02,1,399.77,West Kevin
b700b3c5-d0a9-4840-88e7-f2f6aabb6cac,50,Brenda Gray,2025-12-30,5,2301.9,North Mark
c74f054f-d2a5-4216-b14b-4d3695162359,32,Brent Dawson,2026-02-03,2,520.44,Millerton
79ebb8bb-214b-4473-a375-58676cc56071,27,Blake Rhodes,2025-08-22,2,811.26,Wigginsshire
ff1b654d-6c65-459d-a2ef-1e217fb32568,15,Timothy Burns,2025-08-27,4,1082.52,East William
211f632b-752c-4a97-b60d-f6a37c198515,42,Kayla Rice,2025-12-13,4,779.44,South Thomas
8f1c5f8c-f1ae-4af9-a826-a561bf1a61d7,28,Trevor Guzman,2025-08-24,1,260.31,North Mikeport
1e245a97-273e-46f4-85d4-bf0f0a4fee3b,23,William Turner,2025-09-23,2,319.7,Port Douglasshire
e4edc295-efd3-4a6d-8c74-65186bf843df,43,Drew White,2025-12-31,3,487.59,Smithside
0b704f97-ded4-4617-914b-e8ca59410ea3,28,Kenneth Knight,2026-03-03,4,1041.24,Kimberlyfort
9b0fcaa7-d56c-478f-b854-1d6ad59f2b69,13,Charles Fields,2026-01-08,2,301.16,Contrerasberg
16dd58af-5341-4fe2-ba55-4e35ddc8d27b,9,Mary Ortiz,2025-06-17,1,453.54,Morganton
716ec0b6-e3d9-4e7f-aba2-3511f544b28c,2,Maria Cline,2025-12-18,3,347.55,New Crystalport
a4d78f64-1fb0-46cc-a529-2f568fa09a4c,9,Cheryl Montgomery,2025-10-29,4,1814.16,New Aimeefort
1ecae0c0-04c7-4b2a-a598-e5c280acefb5,43,Kim Rivers,2025-07-03,2,325.06,East Maria
71b905c8-945d-41a5-a33d-6982d6c34b19,3,Joseph Flores,2025-11-02,3,1343.58,South Michelletown
6a394607-2e35-45c8-afe0-5fa257076494,33,Joseph Reyes,2025-04-23,1,285.33,North Amberport
c4af9dc9-416c-4562-aec3-641124df6dcc,17,Eric Russell,2025-05-23,1,210.47,New Susanburgh
4c4b52aa-0ef9-4903-b69a-deac06f4b0ee,39,Francisco Gutierrez,2025-07-22,1,457.23,Nicholasville
c08bd631-3d57-4e27-b3da-efc10d47e26d,5,Cynthia Romero,2025-09-30,2,447.88,Averyview
8d9957fa-76fe-4cd6-917e-7f4a0f8593c3,35,John Russell,2025-06-17,2,412.4,West Angelashire
c3528ba4-3f0e-424b-99fc-8579acd32f62,8,Rachel Torres,2025-08-23,5,851.5,Millerhaven
24722a76-f7c9-4c89-886a-ed733415c076,13,William Casey,2025-10-13,4,602.32,Aliside
d0096b2a-0041-4afc-8ab2-e2ca73a55d2e,24,Ronald Roberts,2025-05-23,5,2206.15,North Sarahfort
d6e8aad3-403a-423a-990d-dc7345f72e6c,22,Yvonne Kirby,2025-06-09,3,63.0,Brandonside
16f791ac-4cf6-4297-91e7-465690261d4c,44,Bryce Taylor,2025-10-21,3,1199.31,Natalieborough
cd539417-f519-4ab9-813b-e64b9c4624d3,15,Michael Cooper,2025-06-28,2,541.26,Nelsonmouth
f5808b59-75b5-48d7-b5eb-728f57750d0f,36,Alexis Holt,2025-11-25,3,912.06,New Thomastown
8e484bc0-69c5-4d69-ac6c-db5aac367cb9,47,Michele Farmer,2025-10-13,2,728.2,Port Nancyland
d50372a8-e47f-4c7e-87ec-2d3289e4ec28,50,Jill Martinez,2026-01-28,1,460.38,Careystad
c49968dd-d6d2-4227-ad5c-1a6163021daa,39,Victoria Martinez,2025-08-09,2,914.46,South Albert
47f86de4-c227-40f2-8510-6943be3eb6f7,39,Michelle Lee,2026-01-30,2,914.46,Lindseybury
f7a0be7a-7e6a-4ea7-bae9-16343bf85406,44,Douglas Conway,2025-12-18,4,1599.08,North James
1c66fdd9-6565-4779-a370-8c7fd23525df,8,Laura Snyder,2025-10-19,4,681.2,Lake Joanne
90ad07c6-9a5c-48ad-aeb0-b110ac13b249,31,Kevin Reese,2025-05-07,2,228.84,Sarahbury
c841b6a8-ba99-4da0-85e8-9165e1896b25,5,Ryan Johnson,2025-12-13,5,1119.7,Erinmouth
a4165dd1-6d57-4fd1-b019-955f00801ed9,6,Marie Nash,2025-07-22,5,1125.3,Richardchester
84aeffbe-ae1f-4957-9f28-e41746273272,28,Isaiah Blake,2026-02-25,5,1301.55,North Joshua
50f53bd8-72e8-4652-884c-0a556b893000,36,Cory Miller,2025-10-27,4,1216.08,Lake Jeremiahchester
3ffef652-eac0-42fa-930e-8618f530c98d,42,Gary Brown,2025-11-16,2,389.72,North Timothytown
ef60250e-a055-41d3-8c16-ab4e97b018b0,13,David Rodriguez,2025-06-19,1,150.58,Marissamouth
f18c5581-3c9b-4b84-8b4a-ddc685096c78,41,Kyle Gonzales,2025-04-25,4,1221.8,Rileyland
0889360f-eaad-4b2f-8f89-2df6f97a822c,9,Steve Steele,2026-01-16,4,1814.16,North Samantha
9c595e03-4d2d-4557-8e06-a41671219097,17,Andrea Byrd,2025-10-22,1,210.47,West Melissafurt
693e5fcf-c080-4ba4-9e07-809d188854db,30,Kyle Keller,2025-03-23,3,107.7,Reyeschester
19ed59a5-9e85-44d4-9ec6-20e0e143a0ad,15,Timothy Logan,2025-09-11,2,541.26,Brianaville
b69aca1e-985d-454b-8325-58201a49de98,8,Richard Lee,2025-10-27,5,851.5,Lake William
b980e521-7b3c-4c10-abc7-1d7f5afaeb32,8,Charlene Taylor,2025-04-05,1,170.3,East Larrychester
c11ea16b-a6d6-4330-b5b1-9be4835c3541,14,Kevin Weaver,2025-05-14,4,328.8,South Kyle
f863af2d-5e6b-4460-8a83-2ab557c850b0,38,Kevin Gregory,2025-04-10,1,495.25,New Lori
6c0c32f9-0dfa-4e46-9bd3-e8658f381c01,37,William Davidson,2025-06-05,3,750.27,West Jaimefort
77a7aed0-fb5f-4290-b11c-7dffb1dd348c,2,Erin Lane,2025-07-27,4,463.4,Robertburgh
ca087252-e048-42dc-b44d-24421ad74fd4,15,Kathleen Mora,2025-11-22,2,541.26,Lake Jerry
7b122ee5-3d30-4a07-b690-3edb9fb938e0,32,Tiffany Rivera,2025-12-31,2,520.44,Harrisburgh
5ce195be-01b8-414a-bd68-a5d7d37a430a,6,Hunter Spencer,2025-05-13,1,225.06,Scottshire
0b3d58ad-5c23-4306-83f9-f409e9a74800,39,Christina Mitchell,2025-06-12,1,457.23,Jennifermouth
2db4e428-3ef7-439f-8df4-097bd8f80018,40,Christopher Green,2025-04-27,4,1891.96,Port Ericafurt
1c687714-e290-4d96-8993-f819a7a581e8,30,Daniel Bryant,2025-08-09,5,179.5,Donnahaven
9f8a4862-ff68-4f1a-8c8c-c291fa2358bc,35,Sherry Jones,2025-05-14,3,618.6,Port Jake
5fcf3219-b1c1-4d4b-a0d1-6c168855817d,23,Jeffrey Fields,2026-03-11,4,639.4,Port Christinaborough
ca226cfe-4b4f-4f74-8914-741cdabc47ce,39,David Soto,2025-07-05,5,2286.15,Port William
359097e0-7d2e-4d9e-a2c6-093e95866982,21,Rachel Gibbs,2025-11-12,3,295.68,East Williamhaven
76da3875-84d6-4148-bfa3-72cd5fcfe711,34,Micheal Fox,2025-09-22,5,1756.1,Wellsshire
ca665da6-ebd2-4b71-a35a-e36966a466d4,21,Amanda Robinson,2025-06-05,3,295.68,Royfurt
e3826da1-6cce-4c23-8e55-f3fe37f5c238,10,Christopher Kirby,2025-06-25,3,656.7,East Karenport
3aeceaf8-5a00-40f2-84d1-6f5e71cb19b3,45,Julie Oliver,2025-08-31,3,1130.25,Mcdonaldchester
51284026-7f5e-4b6b-8df4-01375e15433b,9,Alexander Alexander,2025-06-30,5,2267.7,West Rachelport
8bf160df-8346-452b-8073-aa66d7b4db17,38,Rachel House,2025-04-26,4,1981.0,North Michaelside
acd3d56f-3257-49cd-9571-276b33474b1b,38,Eric Ochoa,2025-12-09,4,1981.0,Jamesberg
b757ec69-c09c-4207-9ae1-3a7fff9779f7,29,Susan Smith,2025-07-13,2,866.32,Lynnfurt
9477d9d7-d265-40c0-a7df-c9aff220eeb5,7,Alexandra Valdez,2026-01-08,1,335.93,Port Raymond
35ba5e93-bfc7-4282-b92c-8a723a17d79a,23,Jose Hartman,2026-01-07,2,319.7,Sharpmouth
5025ac18-15fb-45dc-8aba-ef3c5735773c,39,Jessica Mcmahon,2025-08-28,4,1828.92,South Shannon
23923df4-5fec-49ac-87b4-e6848ef65ee8,47,Bethany Harding,2025-03-22,1,364.1,Cochranstad
6cfbf173-6b4d-4d1a-b9b9-c13a56fe972b,15,Jennifer Osborne,2025-10-13,3,811.89,Marktown
ec11a44d-083e-4925-890d-35aa914cc11c,8,William Gamble,2025-10-25,2,340.6,Bairdborough
88d45ff4-104f-4fc5-a400-bb0ef2dd85f6,50,John Murphy,2025-09-10,4,1841.52,Christopherville
0835075f-2d79-4f3e-8d8b-4c60acc54c62,25,Lindsey Johnson,2025-06-04,2,72.18,South Justinbury
11ea2c00-863e-4be2-a8d9-92924a85e443,29,Jacob Smith,2025-07-23,3,1299.48,Myersville
7a6eaaa5-6b1d-40b9-8954-fc3d210f2a8a,46,Jasmine Berger,2025-06-07,4,82.8,Port Jamie
aa2fd9d1-b5ad-49f5-9161-a3816ea4b405,37,Larry Crosby,2025-11-02,3,750.27,New Jennifer
01e7cde7-33a2-4a5f-8683-4cc5757e2b43,9,Jill Summers DDS,2025-06-22,5,2267.7,Reneefort
0a0175e5-937d-4fb1-b673-359775cff755,31,Donna Ibarra,2025-09-12,4,457.68,Isabellaport
cf5b294d-d2cc-4853-9cef-5ef4641e7f8c,48,Jennifer White,2025-11-13,5,778.35,Ellisburgh
64bfc76d-1874-4d7d-9190-c53fb2d2570a,6,Amanda Mcclure,2025-05-19,3,675.18,Nicoleside
11162039-ea92-459b-aaaa-077f4ab946a2,25,Miranda Robinson,2025-09-26,4,144.36,Riddleside
1397b542-5e65-4990-becd-0ded1f08f855,11,Kathy Chan,2025-08-25,4,255.44,Martinborough
06d6fba7-7650-4bcd-8b6d-35d7818d72af,24,Michael Brady,2025-08-14,1,441.23,Julieborough
4027b283-02bf-4f1c-89ab-99a3658c72ee,43,Thomas Murphy,2026-01-03,1,162.53,Washingtonland
3e06f427-a832-4228-8c65-d01b1521e825,47,Jessica Ruiz,2025-07-05,2,728.2,East Mary
4b4d1079-2d5f-40d9-99bb-5bf09b639a38,17,Patrick Jackson,2025-12-04,4,841.88,Lake Joshuamouth
b6e3b91b-3777-4823-ad8d-7db85bab96cc,39,Michael Robinson,2025-12-14,1,457.23,Port Cynthiahaven
a8f8687b-b766-4c85-a99c-37b3a4195fe4,23,Jeanette Parker,2025-04-08,5,799.25,North Kelseyborough
e8a44238-5fe8-4710-bfec-5325edc72f12,44,Brandon Fisher,2025-03-24,3,1199.31,Loriland
18bafcc9-e1dd-4fdf-b570-543638772265,31,Sandra Jackson,2025-05-22,5,572.1,South Williammouth
30862fe3-a075-4372-8fe2-c74f529b20e0,43,Taylor Foster,2025-09-01,2,325.06,East Jasonstad
66f29d1d-03d6-4f3f-ac72-767552c83bfc,49,Alexandra Lewis,2025-06-12,5,1689.85,Lake Lisastad
37f39aac-e2ad-428b-913c-9f250b3f953a,14,Randall Porter,2025-04-27,5,411.0,West Susan
a180f402-fb3e-427f-9308-e1f29990e4a9,15,Megan Compton,2025-12-13,5,1353.15,West Gregory
5166488b-b008-42da-a24b-a9d4c2ffd690,27,Mary Jones,2025-03-25,1,405.63,Reyesbury
fd06875b-b462-431f-9664-56be80e022c8,37,Alex Blake,2025-05-06,4,1000.36,Joelchester
1452e130-9ea8-4fe3-be59-034bc1dadb7d,48,James Phillips,2025-05-16,3,467.01,Harriston
991b749e-b9ad-400a-ac64-8a9b3cf1c29e,38,Jill Wiley MD,2025-07-20,5,2476.25,New Latoyachester
c0241ac1-49d8-4188-900d-cc4fa5e65ec4,31,Ryan Rivera,2025-06-21,4,457.68,New Brian
3f931507-fd06-4a58-aa3d-d585eaecf4e0,26,Melissa Walker,2026-02-20,4,225.72,Boydburgh
108abb5c-018c-4313-a139-6d49713e9035,42,Andrea Lee,2025-11-20,4,779.44,East David
d4cae432-8c81-4e53-97b6-a4612c7604c1,20,Christine Romero,2025-08-31,5,1398.3,Collinsborough
9b191112-2d2a-408e-ac8c-5d0e3eb366fd,47,Dustin West,2025-11-20,2,728.2,West Michelle
f8f960bd-f375-49aa-947b-ed207b2e00e6,8,James Ruiz,2025-08-30,3,510.9,Wolffort
6d69e88c-61a4-4230-830d-cc74051256b8,49,Olivia Dorsey,2025-11-05,2,675.94,New Jessica
4e4c01f6-76b1-48fa-a165-2fd341dddedf,41,James Obrien,2025-04-15,3,916.35,Derrickfort
308b5146-ea87-4f65-a79c-058a321a6d71,32,Scott Cross,2025-08-11,2,520.44,Sullivanchester
be006ccb-f872-4487-a507-c321f0b6844f,9,John Davidson,2025-11-02,5,2267.7,South Nicoleville
299094c0-90cb-4982-aea0-0af96283f50f,25,Jeffrey Scott,2026-03-08,3,108.27,Williamfort
b24ae6e3-5e41-4475-b040-d75aa28e0841,48,James Coleman,2025-06-22,5,778.35,South Austin
b4e10c33-a186-4de1-9c85-a58cd0290d6b,40,Melissa Brewer,2025-06-28,1,472.99,Blackburnberg
940e3521-9a26-455a-bf56-938141190559,15,Sarah Smith,2026-01-12,1,270.63,Lake Jenniferfurt
f9619ae2-960e-4c1a-b4c0-fd1865cd7fd1,46,Kelly Lopez,2025-08-30,1,20.7,Port Ronald
f7ba19f9-802a-43cc-8d5e-42e8b11c377f,50,Stacie Willis,2025-12-29,5,2301.9,Goodwinland
c6d53a90-9296-4e08-a2dc-b5741bf962a5,21,Robin Adams,2025-06-08,3,295.68,Haletown
7de1936b-d0fe-44f1-ab1c-2d3dfcadb3fd,47,Benjamin Horton,2025-10-08,5,1820.5,Penachester
2fb7e9bd-5fe9-4750-ad28-a2a82baeafc7,31,Christina White,2025-04-30,1,114.42,Bradleyborough
bffa7a4f-0f19-42db-b370-dc1d2f85f99d,45,Peter Green,2026-03-04,3,1130.25,Alexanderville
146e6a4f-2a87-4e02-a2ed-50b9de4cf8bc,17,James Hill,2025-07-29,5,1052.35,New Jimmyfort
026f05f6-19ce-40c3-82b2-547dac3cebe3,18,Paul Smith,2025-10-31,5,894.1,North Jasontown
fca54576-8523-43d7-9a5d-376e602ba256,46,Deborah Tucker,2026-01-06,5,103.5,Cassandramouth
57d3ec63-e3e1-43bb-ae8e-60755eebc618,15,Dr. Teresa Ortega MD,2025-04-10,1,270.63,Morganville
b2c454a4-dedb-4ef9-b4f8-a91300ca280f,3,Russell Buckley,2025-03-28,2,895.72,Port Alyssabury
afa9d02c-9e4c-4be7-b3b0-e73d5e516bf8,36,Karen Gutierrez,2025-05-30,2,608.04,Lake Susanmouth
df996726-5c36-4f5c-a23f-3abf0441e22c,7,Robert Nguyen,2025-09-07,5,1679.65,New Todd
14d49d3a-cb40-4cdd-9cd2-da08bd3c83c3,23,Todd David,2025-09-19,3,479.55,Lake Paulborough
8522496a-deaf-4fa9-a4a6-3a6cb641d449,14,Rachel Moran,2025-03-31,4,328.8,South Laura
ff0dd3c2-ac4d-4d33-9515-28af4d25298f,2,Shelly Jackson,2025-09-08,2,231.7,South Elainebury
c0d52828-2ba1-4f78-b62e-17d43e4c943a,34,Melissa Garcia,2025-12-21,1,351.22,East Sarahmouth
47c58839-c42c-40ba-a22c-636fe713f930,16,David Alvarez,2026-03-02,1,476.8,Lake Derekside
172730d8-7df1-42c2-b9b4-c225a23036d2,38,Faith Walker,2025-10-28,2,990.5,Lake Matthewfurt
8fd8acb4-c8fb-4050-a460-cf44a7674726,28,Jessica Hall,2025-06-27,2,520.62,West Christopherland
efed098b-979a-4368-bd96-bb0a5719d3e4,24,Tom Berry,2025-05-07,2,882.46,Stephanieshire
0fd7b0f2-4f90-4490-806e-0070bca6a6b0,8,Cheryl Price,2025-08-30,5,851.5,Kelseyberg
973d1855-9a03-4d06-a9eb-0bf9850e6d30,29,James Medina,2025-09-13,1,433.16,Duaneport
ae133adc-7ff5-488e-b80a-1bb7d653d4bb,3,Kyle Thomas,2025-12-02,5,2239.3,New Lukehaven
4600fc5f-1f9b-4662-b048-16fdfd869a13,13,Michelle Mendoza DVM,2025-09-27,1,150.58,Janetfurt
5548f613-cf69-4f2d-bb2c-2c830f0e5767,36,Mitchell Charles,2026-03-16,3,912.06,Lake Jill
2dd4450c-c6aa-4991-9d8c-f1caec5412b4,25,Monica Evans,2026-01-29,3,108.27,North Amy
793228b9-ad8a-44bc-ac24-dcaa566082e1,22,Norma Myers DDS,2025-07-06,5,105.0,Heatherborough
64ce4589-8c4a-42ba-9b33-5860b37bdb99,25,Frank Moody,2026-02-18,2,72.18,Port Sarahport
93c09687-29e7-4176-a796-17c47520d99e,10,Michael Carter,2025-05-14,5,1094.5,East Linda
02568225-a6b7-4891-bc3d-dbfc32167340,4,Scott Garcia,2026-01-18,2,519.8,South Stephanie
2b10a823-d777-4933-adf0-1fe06d572692,5,Anne Mccann,2025-05-27,2,447.88,North Tinamouth
260892d6-f840-46f2-af0e-ebef97e89057,38,Jennifer Johnson,2025-06-20,5,2476.25,Burnsburgh
c69e17c9-6018-4b17-bec5-715ca71db3a6,27,Rebecca Barrett,2026-01-15,1,405.63,Hancockfurt
71f34593-a737-419b-a1e0-9bf146748ee4,25,Bryan Miller,2025-09-24,1,36.09,North Brenda
4612d424-7ac0-47a6-9297-eaacfcc2ed18,42,Anna Watkins,2025-08-15,1,194.86,Cookechester
1974fb71-200f-4ed0-9248-c8c84c618a43,45,Miguel Atkins,2025-10-13,1,376.75,South Lisa
d1453eb7-8e59-4579-a4cf-d9b9050e1961,27,Robin Freeman,2025-10-06,2,811.26,Port Karenville
b1f9ab31-995e-49de-9cac-41f82e4001c1,35,Justin Mcbride,2025-05-05,3,618.6,East Baileyburgh
d9f8a24e-41bb-4e0d-8fff-c06d167b6ea0,46,Angela Martinez,2025-07-12,4,82.8,Tammyburgh
a87d21ff-f1fa-4e6a-ba23-6dbb6c4d1774,20,Eric Shah,2025-10-06,5,1398.3,Donnamouth
b1f22be5-7d8d-492b-93ba-f4a323cd8a44,34,Thomas Shea,2025-11-09,5,1756.1,Lake Corey
09676569-3cb2-4bf1-8b73-ca1cd1dc01e5,22,Elijah Wall,2025-05-10,2,42.0,New Michael
6c092d0a-9f4f-4355-baa6-961c20e4dbfe,45,David James,2026-03-04,2,753.5,South Stephen
6ce34d67-ad30-494b-8111-e681f1da833d,1,Briana Harris,2025-11-18,5,1665.6,Wandaborough
a845fee9-904a-4a37-9f44-b716b6e5dd9a,4,Kayla Martin,2026-02-01,5,1299.5,West Victoria
f6c9dd38-06a2-474c-a102-56376f023006,5,Angela Martinez,2025-04-30,2,447.88,Jonesland
c72fa86e-5561-4496-a8c4-4e4c5ce1bcc2,13,Sean Perez,2025-03-22,2,301.16,South Tiffanybury
c8613afa-1ae1-4565-b3a8-0aa060ee0cbc,48,Casey Chandler,2025-07-16,3,467.01,Davisstad
4830effe-dd8a-4f0a-9278-f380b3510ddc,32,Lisa Mosley,2025-05-24,5,1301.1,Staceyfurt
bdc5a633-ce5b-461f-985d-40112e408d57,4,Rachel Arnold,2026-02-24,1,259.9,Woodsberg
837905ed-afc8-4769-826e-6d114251d2f0,49,Mary Thomas,2025-10-25,5,1689.85,Brianstad
ad9f835f-3fc5-4786-870c-15e3b51ee0dd,36,Michelle White,2025-08-03,1,304.02,Shawview
f111be9e-8545-411f-ad82-0335f3dea9dc,25,Tammy Perez,2025-11-20,4,144.36,West Richardmouth
1458771d-a27a-4bda-9713-742bd862042e,39,David Davis,2025-10-28,1,457.23,North Juliaside
dfd5988e-ceef-42c9-be2b-73ceedf98b8d,28,Travis Rhodes,2026-03-16,5,1301.55,South Tyler
e3593ee9-ad41-4244-bf79-f0f4af642572,50,Belinda Smith,2025-05-31,4,1841.52,Lake Ronaldside
fe85544c-3e85-4c67-9855-e4a0bfea3d2a,5,Tiffany Morrow,2026-02-23,1,223.94,New Shaneburgh
c3828725-e1c6-4384-ae20-a0b5acad7c07,17,Courtney Jones,2026-02-07,5,1052.35,New Michael
610c5ade-7ed9-4a6b-ac37-86c20d08367e,46,Wayne Morgan,2025-12-07,4,82.8,Port Amber
4a41aed8-1e2c-4d4b-9b99-2f51c433b3bd,12,Edward Lewis,2025-12-30,2,405.34,Robinsonport
a499eb92-f589-4e14-aee0-6433edda1677,12,Stephanie Walls,2026-02-28,2,405.34,Browntown
4c60b543-541b-489c-b5d9-c07c9d9363ea,20,Aaron Zamora,2025-05-30,3,838.98,Gomezville
15b1c4a6-3292-45ba-bdf6-bc1d6e4928ac,23,Stephanie Jenkins,2026-03-08,2,319.7,Smithview
5fd2bec3-6536-4c77-b87f-b57839e1609d,4,Jeffrey White,2026-01-28,4,1039.6,Danielmouth
296df91f-7079-4e53-96e0-217ca801f15e,20,Paul Smith,2026-02-25,4,1118.64,North Jake
6bca4f86-6500-4793-a238-dfc60a4e3ccf,8,Stephanie Martin,2025-06-04,2,340.6,Moyerview
8cd4e7bc-7d33-4ca2-abcc-e72a1e692c3f,18,Michael Anderson DDS,2026-01-16,5,894.1,Shawfurt
1b9dff1b-f52a-4cbf-9c17-729f21a496a8,12,Beth Cooper,2025-03-24,2,405.34,North Erika
